,AAPL,MSFT,GOOGL,AMZN,SPY,GOOG
2020-01-02,72.8761,153.9382,68.265,94.9005,302.2057,68.201
2020-01-03,72.1676,152.0214,67.9078,93.7485,299.9173,67.8663
2020-01-06,72.7427,152.4144,69.7179,95.144,301.0615,69.5397
2020-01-07,72.4005,151.0247,69.5832,95.343,300.215,69.4963
2020-01-08,73.5652,153.4303,70.0785,94.5985,301.815,70.044
2020-01-09,75.1278,155.3471,70.8142,95.0525,303.8615,70.8176
2020-01-10,75.2976,154.6283,71.2715,94.158,302.9871,71.3114
2020-01-13,76.9063,156.4876,71.8237,94.565,305.0708,71.7852
2020-01-14,75.8678,155.3854,71.3528,93.472,304.6057,71.3687
2020-01-15,75.5427,156.3917,71.7823,93.101,305.294,71.7837
2020-01-16,76.489,159.2573,72.3289,93.897,307.8336,72.4072
2020-01-17,77.3358,160.1487,73.7933,93.236,308.7917,73.8382
2020-01-21,76.8117,159.5736,73.9294,94.6,308.1871,74.0382
2020-01-22,77.0859,158.8069,74.0252,94.373,308.2243,74.1155
2020-01-23,77.4571,159.7845,74.0511,94.229,308.5778,74.1504
2020-01-24,77.2339,158.1744,73.1274,93.082,305.8336,73.1558
2020-01-27,74.9628,155.5292,71.4097,91.417,300.9312,71.5194
2020-01-28,77.0834,158.5769,72.3459,92.6625,304.0847,72.4501
2020-01-29,78.697,161.0496,72.6551,92.9,303.8336,72.7528
2020-01-30,78.5829,165.5924,72.5329,93.534,304.8196,72.6137
2020-01-31,75.0987,163.1484,71.462,100.436,299.2847,71.5358
2020-02-03,74.8924,167.1258,73.9469,100.21,301.508,74.115
2020-02-04,77.3649,172.627,72.092,102.4835,306.1033,72.1762
2020-02-05,77.9958,172.4162,72.1239,101.9935,309.6382,72.2341
2020-02-06,78.9081,175.991,73.6162,102.5115,310.6801,73.6307
2020-02-07,77.8355,176.2402,73.7728,103.964,309.0243,73.7803
2020-02-10,78.2052,180.8501,75.2467,106.6955,311.3313,75.2492
2020-02-11,77.7334,176.7673,75.3165,107.54,311.8708,75.2547
2020-02-12,79.5793,177.0261,75.7439,108.0,313.8801,75.7275
2020-02-13,79.0127,176.0677,75.4826,107.4935,313.5452,75.5475
2020-02-14,79.0321,177.6395,75.7489,106.7435,314.0476,75.8507
2020-02-18,77.585,179.4412,75.7843,107.7835,313.2383,75.7974
2020-02-19,78.7086,179.9794,76.0552,108.511,314.7359,76.1475
2020-02-20,77.9012,177.2309,75.6621,107.655,313.4429,75.7215
2020-02-21,76.1379,171.6282,73.9898,104.7985,310.215,74.0736
2020-02-24,72.5213,164.2283,70.8176,100.4645,299.9266,70.9054
2020-02-25,70.0648,161.5183,69.1448,98.637,290.8382,69.2524
2020-02-26,71.1763,163.5364,69.3518,98.9795,289.7684,69.4883
2020-02-27,66.5237,152.0138,65.5851,94.215,276.7544,65.743
2020-02-28,66.4847,155.6945,66.7971,94.1875,275.5916,66.8024
2020-03-02,72.6745,166.0543,69.1448,97.6975,287.5265,69.2853
2020-03-03,70.3664,158.097,66.7208,95.4495,279.294,66.9052
2020-03-04,73.6303,163.9016,68.9094,98.7915,291.0335,69.1562
2020-03-05,71.242,159.7884,65.5756,96.2015,281.3591,65.7904
2020-03-06,70.2959,155.2716,64.627,95.0545,276.7079,64.7615
2020-03-09,64.736,144.7485,60.6393,90.0305,255.0985,60.6291
2020-03-10,69.3984,154.647,63.601,94.591,268.2986,63.8627
2020-03-11,66.9882,147.6412,60.3954,91.043,255.2195,60.6216
2020-03-12,60.3728,133.6391,55.4402,83.8305,230.8008,55.6089
2020-03-13,67.606,152.6385,60.5635,89.25,250.5311,60.8371
2020-03-16,58.9087,130.141,53.5175,84.4575,223.117,54.0837
2020-03-17,61.4989,140.8564,55.7649,90.392,235.1636,55.8528
2020-03-18,59.9934,134.9269,54.4247,91.5,223.2566,54.7056
2020-03-19,59.5337,137.1469,55.4462,94.0465,223.731,55.6279
2020-03-20,55.7542,131.9958,53.2786,92.3045,214.0891,53.4846
2020-03-23,54.5697,130.6792,52.5763,95.1415,208.6152,52.7016
2020-03-24,60.0445,142.5574,56.3609,97.005,227.5164,56.584
2020-03-25,59.7137,141.1927,54.9449,94.292,230.9224,54.9895
2020-03-26,62.856,150.0245,58.0024,97.7745,244.4059,57.9452
2020-03-27,60.2536,143.8644,55.3759,95.005,237.1261,55.3994
2020-03-30,61.9731,153.9839,57.1739,98.1975,244.8269,57.2005
2020-03-31,61.8467,151.5621,57.954,97.486,241.1777,57.9981
2020-04-01,58.5925,146.1804,54.9689,95.385,230.3235,55.1456
2020-04-02,59.5702,149.2076,55.7135,95.9415,235.6383,55.9047
2020-04-03,58.7141,147.8334,54.5,95.3295,232.2324,54.7595
2020-04-06,63.8362,158.8274,59.0134,99.8795,247.8306,59.2006
2020-04-07,63.0968,157.1168,58.9819,100.58,248.0832,59.1802
2020-04-08,64.7117,158.6929,60.2009,102.15,256.411,60.3657
2020-04-09,65.1787,158.7025,60.1795,102.138,260.3128,60.4241
2020-04-13,66.458,159.0581,60.371,108.4435,257.9362,60.7289
2020-04-14,69.8143,166.9288,63.1052,114.166,265.5434,63.306
2020-04-15,69.1771,165.1797,62.7097,115.384,259.9011,62.9689
2020-04-16,69.7268,170.1386,62.7162,120.4095,261.155,63.0187
2020-04-17,68.7807,171.6378,63.792,118.75,268.2102,64.0053
2020-04-20,67.353,168.2358,62.9017,119.6805,263.4849,63.1753
2020-04-21,65.2711,161.278,60.4583,116.406,255.4846,60.668
2020-04-22,67.1511,166.7558,62.7651,118.1745,261.155,63.0058
2020-04-23,66.8909,164.7377,63.4015,119.9725,261.1363,63.6592
2020-04-24,68.822,167.7457,63.6723,120.511,264.7762,63.8088
2020-04-27,68.8707,167.2652,63.386,118.8,268.5938,63.6377
2020-04-28,67.7543,163.1904,61.4773,115.704,267.3587,61.5324
2020-04-29,69.9797,170.5134,66.9432,118.6355,274.3578,66.9097
2020-04-30,71.456,172.224,67.1687,123.7,271.8033,67.2678
2020-05-01,70.3056,167.7649,65.7033,114.302,264.6077,65.8687
2020-05-04,71.3004,171.8684,65.9816,115.7995,265.3376,66.1775
2020-05-05,72.3705,173.7136,67.2844,115.89,267.7891,67.39
2020-05-06,73.1172,175.4242,67.1053,117.563,265.9739,67.2
2020-05-07,73.8736,176.4429,68.2949,118.3805,269.1833,68.4599
2020-05-08,75.6319,177.4808,69.046,118.9805,273.6373,69.2484
2020-05-11,76.822,179.4605,70.0062,120.45,273.6934,69.9911
2020-05-12,75.944,175.3954,68.5892,117.8475,268.2383,68.6185
2020-05-13,75.0271,172.743,67.25,118.396,263.4942,67.3012
2020-05-14,75.488,173.4925,67.6754,119.4425,266.6476,67.6404
2020-05-15,75.0417,176.02,68.4834,120.489,267.8733,68.4913
2020-05-18,76.8098,177.7018,69.0879,121.313,276.0327,69.0275
2020-05-19,76.3659,176.4717,68.5503,122.4665,273.1975,68.506
2020-05-20,77.8511,178.9195,70.284,124.897,277.8386,70.1637
2020-05-21,77.2707,176.7704,70.1638,122.337,275.9204,69.9682
2020-05-22,77.7682,176.8475,70.4875,121.844,276.4444,70.3482
2020-05-26,77.2414,174.978,70.893,121.093,279.8503,70.6774
2020-05-27,77.578,175.2093,70.8386,120.5195,284.0142,70.7183
2020-05-28,77.6121,174.8141,70.7368,120.055,283.4902,70.663
2020-05-29,77.5365,176.597,71.499,122.1185,284.7534,71.271
2020-06-01,78.49,176.1922,71.5663,123.552,285.9044,71.4156
2020-06-02,78.8534,178.1967,71.9374,123.6205,288.2717,71.7847
2020-06-03,79.2875,178.6304,71.7847,123.92,292.1081,71.6431
2020-06-04,78.6047,176.279,70.5403,123.03,291.3408,70.436
2020-06-05,80.8434,180.4036,71.8232,124.15,298.8077,71.7433
2020-06-08,81.3214,181.5215,72.2232,126.203,302.4195,72.1533
2020-06-09,83.8894,182.9092,72.4247,130.043,300.1645,72.6296
2020-06-10,86.0476,189.6936,73.0541,132.3725,298.4896,73.1129
2020-06-11,81.9164,179.5073,69.9219,127.898,281.282,70.02
2020-06-12,82.6237,180.924,70.4715,127.251,284.6505,70.4859
2020-06-15,83.6455,182.0804,70.8615,128.634,287.3079,70.8186
2020-06-16,85.8623,186.5423,72.1449,130.7635,292.8379,71.9593
2020-06-17,85.7428,187.188,72.4476,132.049,291.6215,72.3782
2020-06-18,85.7769,189.1925,71.5289,132.699,291.7338,71.6221
2020-06-19,85.2867,188.0649,71.0561,133.7505,290.0668,71.4106
2020-06-22,87.5182,193.2882,72.3538,135.691,291.9276,72.4152
2020-06-23,89.3862,194.5795,73.0182,138.2205,293.2716,73.0411
2020-06-24,87.8084,190.6573,71.4581,136.72,285.7906,71.4231
2020-06-25,88.9741,193.0665,71.877,137.729,288.8544,71.8899
2020-06-26,86.2403,189.2021,67.9587,134.6435,281.9937,67.8284
2020-06-29,88.2278,191.2355,69.6859,134.019,286.1383,69.5776
2020-06-30,88.9643,196.1214,70.7274,137.941,289.8036,70.5073
2020-07-01,88.7961,197.2682,71.9219,143.935,291.8336,71.7259
2020-07-02,88.7961,198.7716,73.315,144.515,293.4407,73.0556
2020-07-06,91.1714,203.0504,74.7973,152.852,297.9707,74.6018
2020-07-07,90.8885,200.6893,74.312,150.006,294.8975,74.0771
2020-07-08,93.0053,205.1031,74.9943,154.0555,297.153,74.6168
2020-07-09,93.4052,206.539,75.7454,159.1315,295.4614,75.3644
2020-07-10,93.5686,205.9126,76.7604,160.0,298.4782,76.8981
2020-07-13,93.137,199.5522,75.4247,155.2,295.8937,75.3819
2020-07-14,94.6782,200.7857,75.8552,154.2,299.7281,75.8427
2020-07-15,95.3294,200.487,75.6567,150.4435,302.4818,75.4966
2020-07-16,94.1564,196.5165,75.5589,149.995,301.4856,75.7141
2020-07-17,93.9661,195.5143,75.6552,148.0985,302.3596,75.5919
2020-07-20,95.9464,203.9177,77.9989,159.842,304.8032,78.0942
2020-07-21,94.6221,201.1712,77.6038,156.9145,305.4517,77.7301
2020-07-22,94.888,204.0623,78.0492,154.9955,307.1903,78.2324
2020-07-23,90.569,195.1866,75.6502,149.3275,303.525,75.5983
2020-07-24,90.3446,193.9917,75.2242,150.4455,301.5702,75.4083
2020-07-27,92.4858,196.4491,76.2826,152.7605,303.7694,76.3226
2020-07-28,90.9665,194.6855,74.9968,150.0165,301.8427,74.8332
2020-07-29,92.7102,196.6515,75.9873,151.6765,305.555,75.9146
2020-07-30,93.832,196.4973,76.7285,152.594,304.4648,76.3849
2020-07-31,103.6552,197.567,74.2137,158.234,306.8708,73.9663
2020-08-03,106.267,208.6784,73.9549,155.5945,309.0042,73.5419
2020-08-04,106.9767,205.5464,73.483,156.9415,310.1978,73.0691
2020-08-05,107.3644,205.2091,73.7718,160.2515,312.1244,73.5
2020-08-06,111.1103,208.4953,75.0616,161.25,314.2108,74.8212
2020-08-07,108.5841,204.7658,74.7334,158.373,314.4364,74.5414
2020-08-10,110.1624,200.6893,74.6561,157.408,315.3762,74.6217
2020-08-11,106.8862,195.9961,73.8441,154.0335,312.7729,73.8347
2020-08-12,110.4384,201.5952,75.1759,158.112,317.1337,75.1464
2020-08-13,112.3929,201.123,75.6452,158.051,316.5604,75.7365
2020-08-14,112.2928,201.3157,75.0457,157.401,316.5698,75.2018
2020-08-17,111.9996,202.6456,75.6247,159.1205,317.5754,75.7131
2020-08-18,112.9329,203.8117,77.5969,165.6245,318.2614,77.7391
2020-08-19,113.0746,202.5752,77.0397,163.024,316.9363,77.1869
2020-08-20,115.5836,207.2894,78.6178,164.8685,317.9231,78.8937
2020-08-21,121.5399,205.7824,78.5839,164.236,319.0509,78.8274
2020-08-24,122.9936,206.4296,79.0617,165.373,322.2839,79.2155
2020-08-25,121.9846,209.1152,80.0942,167.3245,323.4117,80.214
2020-08-26,123.6435,213.6362,82.0034,172.0925,326.6541,82.4166
2020-08-27,122.1654,218.8817,81.2249,170.0,327.3683,81.5163
2020-08-28,121.9675,221.1325,81.769,170.09,329.4829,82.0191
2020-08-31,126.1037,217.8674,81.2752,172.548,328.2893,81.5088
2020-09-01,131.1267,219.5482,82.5496,174.956,331.3814,82.8321
2020-09-02,128.41,223.7794,85.6574,176.5725,336.1745,86.2023
2020-09-03,118.1294,209.917,81.2743,168.4,324.6052,81.8909
2020-09-04,118.2075,206.9706,78.8652,164.731,321.9549,79.3571
2020-09-08,110.2528,195.7744,75.9918,157.492,313.1582,76.4318
2020-09-09,114.6504,204.1112,77.1704,163.4305,319.3422,77.6573
2020-09-10,110.9075,198.3923,76.114,158.7555,313.7973,76.4133
2020-09-11,109.4514,197.0978,75.6008,155.811,313.9571,75.8497
2020-09-14,112.735,198.431,75.2552,155.1485,318.0923,75.7779
2020-09-15,112.9109,201.6865,76.5664,157.8065,319.6994,76.8832
2020-09-16,109.5785,198.0832,75.4178,153.905,318.4306,75.8587
2020-09-17,107.8292,196.0159,74.1683,150.4365,315.6299,74.5933
2020-09-18,104.4088,193.5815,72.3753,147.7455,311.9964,72.8207
2020-09-21,107.5751,195.6585,71.3304,148.0235,308.524,71.3827
2020-09-22,109.2658,200.3727,72.8107,156.4495,311.6661,73.0935
2020-09-23,104.6825,193.7747,70.2954,149.993,304.4383,70.5871
2020-09-24,105.7574,196.2864,70.9673,150.9895,305.2498,71.2395
2020-09-25,109.7251,200.7591,71.7753,154.7565,310.1847,72.071
2020-09-28,112.3441,202.324,72.7529,158.7025,315.3367,73.0466
2020-09-29,111.4939,200.2181,73.1199,157.244,313.6194,73.2865
2020-09-30,113.1747,203.1838,73.099,157.4365,315.9972,73.3
2020-10-01,114.1324,205.2414,74.2112,161.063,318.0259,74.322
2020-10-02,110.4482,199.1845,72.6002,156.25,315.0064,72.7424
2020-10-05,113.849,203.2321,73.9584,159.96,320.5925,74.119
2020-10-06,110.585,198.914,72.3718,154.998,316.0349,72.494
2020-10-07,112.4613,202.7008,72.7768,159.7845,321.536,72.8356
2020-10-08,112.3538,203.4253,73.9883,159.5275,324.3857,74.1145
2020-10-09,114.3083,208.4776,75.336,164.3325,327.2825,75.5754
2020-10-12,121.5693,213.8777,78.0363,172.1465,332.5477,78.2653
2020-10-13,118.3444,215.2881,78.16,172.1815,330.3774,78.3915
2020-10-14,118.4323,213.356,77.9789,168.1855,328.3015,78.2119
2020-10-15,117.9632,212.1968,77.5814,166.9325,327.8958,77.7655
2020-10-16,116.3117,212.1968,78.1914,163.6355,327.6977,78.4578
2020-10-19,113.3409,206.9416,76.3085,160.3605,322.7155,76.5425
2020-10-20,114.836,207.357,77.3624,160.8505,324.0082,77.6059
2020-10-21,114.2106,207.5019,79.1036,159.247,323.3949,79.4703
2020-10-22,113.1161,207.5889,80.1346,158.82,325.1688,80.5686
2020-10-23,112.4223,208.8833,81.4473,160.22,326.2728,81.849
2020-10-26,112.432,202.9423,79.0188,160.352,320.2433,79.3277
2020-10-27,113.9468,206.0046,79.7465,164.3165,319.1393,80.0165
2020-10-28,108.6696,195.7937,75.3534,158.139,308.2315,75.6452
2020-10-29,112.6959,197.7644,77.6517,160.5505,311.3642,78.17
2020-10-30,106.3829,195.5908,80.6059,151.8075,308.1183,80.8519
2020-11-02,106.2949,195.4556,81.0154,150.224,311.5718,81.1023
2020-11-03,107.9269,199.4163,82.0798,152.4205,317.0729,82.3084
2020-11-04,112.3343,209.0379,87.0769,162.058,324.1592,87.2422
2020-11-05,116.3215,215.7035,87.9073,166.1,330.4812,87.9525
2020-11-06,116.1893,216.1189,87.7692,165.5685,330.4057,87.8717
2020-11-09,113.8692,210.9699,87.8535,157.187,334.5575,87.934
2020-11-10,113.5266,203.8407,86.6714,151.751,334.0669,86.8063
2020-11-11,116.9725,209.1925,87.1457,156.8695,336.5485,87.4208
2020-11-12,116.6984,208.1202,86.9258,155.514,333.2837,87.2777
2020-11-13,116.7473,209.1538,88.3941,156.4405,337.8978,88.6333
2020-11-16,117.7654,209.8494,88.4824,156.553,342.1156,88.8508
2020-11-17,116.8746,207.1735,87.8654,156.783,340.2756,88.2907
2020-11-18,115.5432,204.4422,86.817,155.273,336.1805,87.125
2020-11-19,116.1404,205.74,87.7113,155.851,337.5959,87.9799
2020-11-20,114.8677,203.7739,86.6046,154.97,335.2841,86.8961
2020-11-23,111.4513,203.5027,86.1646,154.9195,337.2939,86.5305
2020-11-24,112.7435,207.1347,87.9772,155.903,342.729,88.2273
2020-11-25,113.5853,207.1444,87.9886,159.2535,342.2006,88.3545
2020-11-27,114.1336,208.4616,89.1303,159.767,343.1536,89.4398
2020-11-30,116.5417,207.3381,87.5033,158.402,341.6344,87.8213
2020-12-01,120.1344,209.4108,89.5463,161.004,345.371,89.6847
2020-12-02,120.4868,208.5972,91.0231,160.1765,346.0976,91.1736
2020-12-03,120.3498,207.5028,90.867,159.3365,346.0032,91.1147
2020-12-04,119.6743,207.619,90.9628,158.129,348.9849,91.1756
2020-12-07,121.1427,207.5512,90.6271,157.9,348.2678,90.7511
2020-12-08,121.7594,209.2171,90.3428,158.8645,349.2869,90.7047
2020-12-09,119.2142,205.1395,88.6734,155.21,346.1542,88.988
2020-12-10,120.6434,203.8998,88.1642,155.0745,346.0409,88.549
2020-12-11,119.8309,206.5536,88.5208,155.821,345.6352,88.8702
2020-12-14,119.2142,207.464,87.3966,157.8485,344.0877,87.7874
2020-12-15,125.1857,207.3962,87.8365,158.256,348.7396,88.172
2020-12-16,125.1172,212.3843,87.6425,162.048,349.2869,87.934
2020-12-17,125.9884,212.5199,86.8105,161.804,351.2401,87.1809
2020-12-18,123.9914,211.716,86.0978,160.0825,349.8376,86.3385
2020-12-21,125.5283,215.5902,86.5138,160.309,348.5868,86.7554
2020-12-22,129.1014,216.8977,85.7985,160.326,347.9993,85.9639
2020-12-23,128.2008,214.0696,86.1981,159.2635,348.312,86.4068
2020-12-24,129.1895,215.7452,86.4938,158.6345,349.6671,86.7295
2020-12-28,133.8101,217.8857,88.4789,164.198,352.671,88.5869
2020-12-29,132.0284,217.1011,87.6709,166.1,351.9982,87.7206
2020-12-30,130.9026,214.7088,86.5981,164.2925,352.5004,86.7629
2020-12-31,129.8943,215.4255,87.4155,162.8465,354.2914,87.3794
2021-01-04,126.6834,210.8443,86.0933,159.3315,349.4681,86.2003
2021-01-05,128.2497,211.0477,86.7876,160.9255,351.875,86.8327
2021-01-06,123.9326,205.5754,85.9312,156.919,353.9787,86.5519
2021-01-07,128.1616,211.4254,88.4979,158.108,359.2379,89.1436
2021-01-08,129.2678,212.7136,89.6695,159.135,361.2847,90.1391
2021-01-11,126.2625,210.6506,87.5976,155.7105,358.8494,88.1196
2021-01-12,126.0863,208.1711,86.6569,156.0415,358.9252,87.1136
2021-01-13,128.1323,209.5367,87.1467,158.2945,359.8918,87.5051
2021-01-14,126.194,206.3211,86.3322,156.3735,358.6314,86.7958
2021-01-15,124.4613,205.9628,86.1676,155.2125,356.016,86.5968
2021-01-19,125.1367,209.6336,89.0031,156.038,358.8115,89.3236
2021-01-20,129.2482,217.2852,93.7713,163.169,363.7769,94.1139
2021-01-21,133.9863,217.8954,93.9748,165.3495,364.1086,94.3308
2021-01-22,136.1399,218.8445,94.3943,164.6115,362.8199,94.8196
2021-01-25,139.9088,222.312,94.4801,164.7,364.2508,94.7373
2021-01-26,140.1437,225.0239,95.1619,166.3065,363.6822,95.6272
2021-01-27,139.0669,225.576,90.7224,161.629,354.7936,91.3152
2021-01-28,134.2016,231.4164,92.4311,161.881,357.8449,92.9273
2021-01-29,129.1797,224.6655,91.1423,160.31,350.681,91.5621
2021-02-01,131.3138,232.1137,94.4197,167.144,356.5183,94.8346
2021-02-02,132.1459,231.9781,95.719,169.0,361.5595,96.1394
2021-02-03,131.118,235.3584,102.6897,165.6265,361.8438,103.2499
2021-02-04,134.4953,234.3995,102.4279,166.55,365.9564,102.8659
2021-02-05,134.0786,234.5835,104.1835,167.6075,367.3968,104.643
2021-02-08,134.2257,234.845,103.9686,166.147,370.0501,104.3891
2021-02-09,133.3434,236.1041,103.5132,165.25,369.8037,103.9203
2021-02-10,132.7355,235.184,104.0663,164.329,369.6426,104.5123
2021-02-11,132.4806,236.8015,104.1795,163.1065,370.2396,104.5378
2021-02-12,132.7159,237.2858,104.4928,163.8855,372.0685,104.9478
2021-02-16,130.5786,236.0364,105.2743,163.4475,371.7463,105.8351
2021-02-17,128.2747,237.0654,105.6693,165.432,371.8316,106.1548
2021-02-18,127.1669,236.6674,105.0304,166.4115,370.2491,105.6007
2021-02-19,127.3237,233.9298,104.1825,162.495,369.5953,104.7996
2021-02-22,123.5296,227.6585,102.4593,159.037,366.7524,102.9911
2021-02-23,123.3924,226.4547,102.7516,159.725,367.1978,103.2893
2021-02-24,122.8924,227.6973,103.9331,157.9765,371.2441,104.5019
2021-02-25,118.6178,222.2998,100.5485,152.858,362.2987,101.3192
2021-02-26,118.8825,225.5907,100.8458,154.6465,360.4319,101.5935
2021-03-01,125.2845,230.0175,103.2274,157.307,369.1688,103.8205
2021-03-02,122.6669,227.0372,102.969,154.7265,366.2881,103.5377
2021-03-03,119.6669,220.9115,100.3221,150.25,361.4364,101.0872
2021-03-04,117.7747,220.1058,101.4453,148.8785,356.9637,102.2035
2021-03-05,119.0394,224.8335,104.5945,150.023,363.5306,105.1687
2021-03-08,114.0786,220.7465,100.1271,147.5975,361.7206,100.9606
2021-03-09,118.7159,226.9498,101.766,153.1425,366.8851,102.3836
2021-03-10,117.6276,225.6295,101.558,152.882,369.1688,102.4998
2021-03-11,119.5688,230.2019,104.7676,155.6795,372.9119,105.4795
2021-03-12,118.6571,228.8623,102.2468,154.4745,373.4141,102.8434
2021-03-15,121.559,227.9497,102.4683,154.084,375.641,103.0714
2021-03-16,123.108,230.765,103.9371,154.593,375.1672,104.3697
2021-03-17,122.3139,230.1146,103.8538,156.7865,376.4465,104.2979
2021-03-18,118.1669,223.9792,100.8174,151.3995,370.9693,101.5616
2021-03-19,117.6374,223.62,101.0977,153.748,370.2827,101.9097
2021-03-22,120.9708,229.0952,101.2837,155.5435,373.2394,101.6798
2021-03-23,120.1374,230.6388,101.8144,156.875,370.3017,102.3965
2021-03-24,117.7355,228.5807,101.3755,154.3535,368.4193,102.0025
2021-03-25,118.2257,225.5519,101.372,152.313,370.4918,101.9676
2021-03-26,118.8335,229.5709,100.9864,152.6015,376.4623,101.5282
2021-03-29,119.01,228.3672,102.0368,153.7865,376.2721,102.5457
2021-03-30,117.5492,225.0762,102.0708,152.7645,375.2739,102.5252
2021-03-31,119.7551,228.8817,102.8713,154.704,376.795,103.1781
2021-04-01,120.5884,235.2694,106.226,158.05,380.8641,106.6256
2021-04-05,123.4316,241.7931,110.674,161.3365,386.3307,111.0049
2021-04-06,123.7355,240.6185,110.1901,161.191,386.1025,110.965
2021-04-07,125.3924,242.5988,111.675,163.9695,386.5493,112.2084
2021-04-08,127.8041,245.851,112.2436,164.965,388.3842,112.9945
2021-04-09,130.3924,248.375,113.2531,168.61,391.2078,114.014
2021-04-12,128.6669,248.4333,111.9538,168.9695,391.3504,112.4633
2021-04-13,131.7943,250.9379,112.4431,170.0,392.5103,113.0858
2021-04-14,129.4414,248.1226,111.8186,166.65,391.1698,112.4658
2021-04-15,131.863,251.9184,113.9803,168.9545,395.3719,114.5517
2021-04-16,131.5296,253.1221,113.8556,169.972,396.6934,114.6065
2021-04-19,132.1963,251.1806,114.2052,168.6005,394.7445,114.838
2021-04-20,130.5002,250.7146,113.669,166.7345,391.8543,114.4005
2021-04-21,130.8826,252.9668,113.6361,168.101,395.5621,114.3836
2021-04-22,129.3531,249.6564,112.3478,165.452,391.9494,113.1182
2021-04-23,131.6865,253.5202,114.7125,167.044,396.199,115.4814
2021-04-26,132.0786,253.9085,115.2112,170.45,397.0262,116.052
2021-04-27,131.7551,254.3162,114.2661,170.8715,396.9406,115.0734
2021-04-28,130.961,247.1227,117.6607,172.925,396.8265,118.704
2021-04-29,130.863,245.1326,119.3425,173.5655,399.3554,121.1969
2021-04-30,128.8826,244.8122,117.3843,173.371,396.7314,120.2108
2021-05-03,129.9414,244.5016,116.8646,169.3245,397.5871,119.4651
2021-05-04,125.3433,240.5505,115.0566,165.5935,395.1342,117.4241
2021-05-05,125.5884,239.2691,115.4526,163.527,395.2578,117.5483
2021-05-06,127.1963,242.4338,116.5788,165.3185,398.4142,118.7758
2021-05-07,127.8739,245.0841,117.306,164.5805,401.3139,119.6407
2021-05-10,124.5742,239.9583,114.3045,159.5245,397.3399,116.7962
2021-05-11,123.651,239.0361,113.2226,161.1955,393.7937,115.1552
2021-05-12,120.5674,232.0173,109.7408,157.597,385.4275,111.6797
2021-05-13,122.7279,235.9296,111.1767,158.0735,390.0574,112.8214
2021-05-14,125.1634,240.9,113.6376,161.145,396.0469,115.5243
2021-05-17,124.0046,238.0167,114.1633,163.5195,395.0392,115.7861
2021-05-18,122.6101,235.9781,112.8441,161.614,391.6356,114.8893
2021-05-19,122.4529,236.5619,113.2945,161.59,390.6089,115.1527
2021-05-20,125.0259,239.8313,115.0626,162.384,394.811,117.5159
2021-05-21,123.1797,238.5566,114.4232,160.154,394.4878,116.9677
2021-05-24,124.8197,244.0153,117.7604,162.2495,398.5093,120.0387
2021-05-25,124.6233,244.9299,117.8517,162.9525,397.6251,120.1584
2021-05-26,124.5742,244.7061,118.7215,163.258,398.4142,121.3784
2021-05-27,123.0324,242.5849,117.8422,161.5055,398.6233,119.8312
2021-05-28,122.3744,242.945,117.5514,161.1535,399.3364,120.2826
2021-06-01,122.0503,240.7265,118.7649,160.9325,398.9846,121.1929
2021-06-02,122.8163,240.6292,118.2367,161.6995,399.6121,120.7674
2021-06-03,121.3236,239.0821,117.0891,159.3505,398.129,119.936
2021-06-04,123.6314,244.025,119.3829,160.311,401.7702,122.2877
2021-06-07,123.6412,246.9636,119.8183,159.9005,401.3804,123.0024
2021-06-08,124.4662,245.757,119.6258,163.2055,401.466,123.8384
2021-06-09,124.8492,246.7495,120.0996,164.0575,400.867,124.2648
2021-06-10,123.8475,250.301,121.4558,167.4825,402.7304,125.7711
2021-06-11,125.0652,250.9335,121.2099,167.3415,403.3959,125.3886
2021-06-14,128.1391,252.8796,122.1431,169.1935,404.2991,126.0425
2021-06-15,127.3141,251.3908,121.1196,169.1565,403.5575,125.7242
2021-06-16,127.815,250.4373,120.4742,170.7625,401.3044,125.3886
2021-06-17,129.4256,253.8623,121.4428,174.462,401.1713,126.0614
2021-06-18,128.1194,252.432,119.8143,174.345,395.7592,125.2599
2021-06-21,129.9264,255.5456,121.5116,172.698,401.4249,126.1452
2021-06-22,131.5763,258.348,122.0283,175.272,403.571,126.6884
2021-06-23,131.3013,258.1144,121.8253,175.191,403.0845,126.1517
2021-06-24,131.0165,259.4961,122.1974,172.454,405.4691,126.9702
2021-06-25,130.7219,257.8712,122.2059,170.073,406.9093,126.6839
2021-06-28,132.3619,261.4714,122.2333,172.1945,407.7296,126.5088
2021-06-29,133.8841,264.0791,121.9705,172.407,407.949,125.7098
2021-06-30,134.5028,263.5926,121.7879,172.008,408.2924,125.009
2021-07-01,134.8072,264.2737,122.1421,171.6485,410.5529,126.0589
2021-07-02,137.449,270.1605,124.9481,175.549,413.691,128.4037
2021-07-06,139.472,270.1702,125.8783,183.787,412.9375,129.4531
2021-07-07,141.9763,272.379,126.1616,184.829,414.3968,129.7588
2021-07-08,140.6701,269.9367,124.7351,186.5705,411.0203,128.8605
2021-07-09,142.5066,270.4427,125.2085,185.967,415.4079,129.2571
2021-07-12,141.9075,269.8394,126.6619,185.9275,416.8958,130.2441
2021-07-13,143.0271,273.4007,127.027,183.868,415.4746,130.6736
2021-07-14,146.4741,274.8894,127.9202,184.084,416.0946,131.7589
2021-07-15,145.8161,273.4493,126.6913,181.56,414.6734,130.9449
2021-07-16,143.7636,273.1769,126.6564,178.6815,411.4209,131.5225
2021-07-19,139.8943,269.5377,124.2703,177.4795,405.3451,128.9373
2021-07-20,143.5279,271.7854,125.8978,178.6595,411.1538,130.7803
2021-07-21,142.7914,273.8093,127.2339,179.26,414.4827,132.2756
2021-07-22,144.1663,278.4215,128.1043,181.9015,415.3506,133.0019
2021-07-23,145.8947,281.8562,132.6864,182.832,419.6237,137.4784
2021-07-26,146.317,281.253,133.7039,184.991,420.6539,139.3024
2021-07-27,144.1368,278.8107,131.5742,181.3195,418.7367,136.4614
2021-07-28,142.3789,278.4993,135.7578,181.516,418.565,136.0474
2021-07-29,143.0271,278.7718,135.4421,179.996,420.301,136.206
2021-07-30,143.2431,277.2246,134.3937,166.3795,418.2598,134.8897
2021-08-02,142.9092,277.1371,134.5214,166.574,417.3823,135.6563
2021-08-03,144.7162,279.375,135.295,168.312,420.7779,135.9461
2021-08-04,144.3136,278.7815,134.7917,167.736,418.7081,135.6952
2021-08-05,144.4216,281.7103,135.9149,168.7995,421.3597,136.6045
2021-08-06,143.7331,281.6519,135.4032,167.247,422.056,136.7003
2021-08-09,143.6839,280.5524,136.5748,167.0935,421.7126,137.6639
2021-08-10,143.202,278.7134,136.4691,166.034,422.2372,137.7582
2021-08-11,143.4577,279.2096,135.9424,164.6055,423.2864,137.3522
2021-08-12,146.4378,281.9925,136.8551,165.175,424.555,138.0505
2021-08-13,146.6444,284.9505,137.3874,164.6985,425.3276,138.0669
2021-08-16,148.6311,286.6533,137.9679,164.9495,426.3291,138.5757
2021-08-17,147.7164,285.1743,136.3239,162.098,423.5344,136.9641
2021-08-18,143.9495,283.4292,135.1144,160.061,418.8988,136.2354
2021-08-19,144.2839,289.3175,135.3449,159.3875,419.5474,136.5781
2021-08-20,145.7494,296.7169,137.09,159.9975,422.8858,138.0978
2021-08-23,147.2443,296.9997,139.6956,163.2935,426.6057,140.7538
2021-08-24,147.1558,295.0206,140.9126,165.289,427.2829,142.0496
2021-08-25,145.9166,294.426,141.7281,164.959,428.1795,142.5998
2021-08-26,145.1101,291.5793,141.0911,165.8,425.6519,141.7748
2021-08-27,146.1526,292.1935,143.6483,167.4815,429.4576,144.1964
2021-08-30,150.5982,295.9663,144.2334,171.0785,431.3462,145.1131
2021-08-31,149.3294,294.2992,144.3401,173.5395,430.7071,145.1056
2021-09-01,149.9982,294.2505,144.8568,173.95,430.9361,145.4848
2021-09-02,151.1194,293.5875,142.9331,173.156,432.2619,143.8657
2021-09-03,151.7587,293.5778,143.3845,173.9025,432.1569,144.4203
2021-09-07,154.1094,292.6419,143.9241,175.4645,430.6118,145.1625
2021-09-08,152.5554,292.6712,143.3361,176.275,430.0872,144.5286
2021-09-09,151.5325,289.7855,143.1864,174.208,428.2463,144.5585
2021-09-10,146.5165,288.2842,140.528,173.4575,424.8698,141.5733
2021-09-13,147.087,289.532,141.9809,172.8585,425.9571,143.1135
2021-09-14,145.6805,292.2617,142.1924,172.5,423.6584,143.0547
2021-09-15,146.5755,297.1654,144.0727,173.7895,427.1971,144.8503
2021-09-16,146.3395,297.5553,143.2553,174.412,426.5199,144.0198
2021-09-17,143.6544,292.3397,140.4522,173.126,422.3652,141.1169
2021-09-20,140.5858,286.9096,138.3769,167.7865,415.3226,138.6764
2021-09-21,141.0678,287.397,138.6896,167.1815,414.9303,139.3044
2021-09-22,143.4479,291.0821,139.937,169.0025,418.9779,140.5932
2021-09-23,144.4118,292.0375,140.8672,170.8,424.0685,141.4791
2021-09-24,144.5003,291.8328,141.8637,171.276,424.767,142.2836
2021-09-27,142.9758,286.7828,140.7235,170.29,423.5518,141.1543
2021-09-28,139.5728,276.4003,135.4945,165.798,415.0164,135.8504
2021-09-29,140.4776,276.8682,134.0216,165.056,415.7149,134.1914
2021-09-30,139.1695,274.8405,133.3458,164.252,410.6339,132.939
2021-10-01,140.3006,281.8401,136.2057,164.163,415.514,136.1282
2021-10-04,136.8484,276.0006,133.3294,159.489,410.1555,133.4373
2021-10-05,138.786,281.5087,135.687,161.05,414.4232,135.8434
2021-10-06,139.6613,285.7494,137.2252,163.1005,416.1455,137.0175
2021-10-07,140.9301,287.4458,138.8811,165.1215,419.7434,138.8445
2021-10-08,140.5465,287.4458,139.4402,164.431,418.9779,139.7129
2021-10-11,140.458,286.8413,138.5709,162.315,415.9446,138.5073
2021-10-12,139.1794,285.5252,136.112,162.3665,414.9207,136.3781
2021-10-13,138.5893,288.8691,137.2422,164.214,416.4135,137.5622
2021-10-14,141.3923,295.1474,140.8023,164.993,423.4178,141.0656
2021-10-15,142.4545,296.5707,141.0189,170.451,426.6425,141.3279
2021-10-18,144.1364,299.5734,142.4253,172.337,427.9055,142.6103
2021-10-19,146.31,300.4898,142.8832,172.2075,431.2068,143.4697
2021-10-20,146.8017,299.6903,141.4188,170.753,432.9004,142.0662
2021-10-21,147.0181,302.9562,141.5355,171.7505,434.0295,142.4307
2021-10-22,146.2411,301.3964,137.2267,166.7775,433.5798,138.2854
2021-10-25,146.192,300.3923,137.1075,166.0185,435.905,138.433
2021-10-26,146.8608,302.3225,138.9644,168.8035,436.2973,139.3298
2021-10-27,146.3985,315.0546,145.8563,169.6245,434.3645,146.0688
2021-10-28,150.0572,316.205,145.4887,172.3285,438.5556,145.771
2021-10-29,147.3328,323.2924,147.6803,168.6215,439.4455,147.9073
2021-11-01,146.5067,321.0989,143.1426,165.9055,440.2014,143.4218
2021-11-02,147.5492,324.7645,145.0733,165.6375,441.9812,145.5057
2021-11-03,148.995,325.6126,146.2359,169.2,444.6796,146.4304
2021-11-04,148.4737,327.9914,147.9013,173.85,446.7751,148.3187
2021-11-05,149.0056,327.6209,148.4843,175.9495,448.3253,148.8754
2021-11-08,148.1783,328.5275,148.6629,174.449,448.708,148.9856
2021-11-09,148.5427,327.5137,148.5507,178.8115,447.2249,148.8829
2021-11-10,145.6961,322.493,145.5331,174.1025,443.627,146.2668
2021-11-11,145.6469,324.082,145.4064,173.625,443.7706,146.3885
2021-11-12,147.735,328.2643,148.3108,176.2575,447.1196,149.2789
2021-11-15,147.7449,327.6306,148.0853,177.284,447.2727,149.022
2021-11-16,148.7298,330.9843,147.5107,177.035,449.0429,148.7108
2021-11-17,151.1824,331.2089,147.6813,177.45,447.9521,148.6968
2021-11-18,155.4965,333.3087,149.4684,184.803,449.4735,150.3398
2021-11-19,158.1363,335.1058,148.5586,183.8285,448.6698,149.5851
2021-11-22,158.5992,331.9023,145.9406,178.6285,447.4067,146.7182
2021-11-23,158.9833,329.8025,145.4219,179.002,447.9999,146.3975
2021-11-24,159.5054,330.0271,145.7591,179.0205,449.196,146.3581
2021-11-26,154.4525,321.9891,141.8318,175.228,439.1775,142.4561
2021-11-29,157.8309,328.777,145.171,178.0785,444.5648,145.756
2021-11-30,162.8148,322.8779,141.547,175.3535,435.9146,142.103
2021-12-01,162.2928,322.3798,140.7031,172.186,431.0728,141.2711
2021-12-02,161.298,321.8035,142.6129,171.868,437.6752,143.4243
2021-12-03,159.4069,315.4747,141.6507,169.4895,433.8669,142.1713
2021-12-06,162.8345,318.5805,142.8014,171.3685,439.0053,143.4442
2021-12-07,168.6064,327.1069,146.9057,176.1645,448.0861,147.6738
2021-12-08,172.4478,327.1557,147.8205,176.158,449.2726,148.3562
2021-12-09,171.9356,325.3293,147.2738,174.171,446.2393,147.7432
2021-12-10,176.7521,334.5491,147.6359,172.212,450.44,148.3108
2021-12-13,173.0979,331.4824,145.4663,169.5675,446.4498,146.3451
2021-12-14,171.7091,320.6804,143.5515,169.0915,443.3782,144.6153
2021-12-15,176.6044,326.8432,146.0793,173.315,450.306,147.0075
2021-12-16,169.6702,317.3206,144.0882,168.871,446.335,144.4837
2021-12-17,168.567,316.2463,141.3749,170.0175,441.5879,142.4532
2021-12-20,167.1979,312.447,141.2572,167.079,436.8923,142.0526
2021-12-21,170.3892,319.6549,143.1181,170.417,444.6511,143.8672
2021-12-22,172.9994,325.427,146.0534,171.037,449.0971,146.589
2021-12-23,173.6298,326.8822,146.5536,171.0685,451.8914,146.782
2021-12-27,177.6189,334.4612,147.5412,169.6695,458.2866,147.7013
2021-12-28,176.5945,333.2892,146.3247,170.661,457.9121,146.0892
2021-12-29,176.6832,333.9729,146.2928,169.201,458.4979,146.1456
2021-12-30,175.5209,331.4042,145.8394,168.6445,457.2303,145.6448
2021-12-31,174.9004,328.4742,144.4942,166.717,456.078,144.3251
2022-01-03,179.2736,326.9408,144.6334,170.4045,458.7187,144.7191
2022-01-04,176.9984,321.3347,144.0428,167.522,458.5651,144.0627
2022-01-05,172.2902,308.9994,137.4347,164.357,449.7596,137.3163
2022-01-06,169.4141,306.5577,137.4073,163.254,449.3371,137.214
2022-01-07,169.5816,306.714,136.6786,162.554,447.5607,136.6689
2022-01-10,169.6013,306.9386,138.327,161.486,447.0037,138.2345
2022-01-11,172.4478,307.632,139.3908,165.362,451.0752,139.6745
2022-01-12,172.891,310.8453,141.0812,165.207,452.2947,141.301
2022-01-13,169.6013,297.6895,138.2447,161.214,446.0627,138.7901
2022-01-14,170.468,302.9635,139.136,162.138,446.2451,139.444
2022-01-18,167.2472,295.5897,135.6621,158.9175,438.3423,135.9566
2022-01-19,163.7309,296.2538,134.7828,156.299,433.7907,135.3197
2022-01-20,162.0367,294.5642,132.9782,151.6675,428.9895,133.1794
2022-01-21,159.9683,289.1241,130.0295,142.643,420.5682,129.7733
2022-01-24,159.1902,289.4562,130.4809,144.544,422.3542,130.0526
2022-01-25,157.3778,281.76,126.6215,139.986,417.1977,126.425
2022-01-26,157.2892,289.7882,128.9138,138.8725,416.151,128.9234
2022-01-27,156.8263,292.8452,128.6863,139.6375,414.0961,128.8047
2022-01-28,167.7692,301.0688,133.0216,143.978,424.3803,132.963
2022-01-31,172.1523,303.7254,134.9693,149.5735,432.0239,135.3661
2022-02-01,171.9849,301.5571,137.304,151.1935,434.943,137.5408
2022-02-02,173.1964,306.1475,147.6344,150.6125,439.1681,147.6738
2022-02-03,170.3006,294.2223,142.7366,138.8455,428.8455,142.301
2022-02-04,170.0146,298.8029,142.9391,157.6395,430.862,142.6656
2022-02-07,169.2946,293.9293,138.8572,157.9355,429.4792,138.5976
2022-02-08,172.421,297.4551,139.0547,161.4135,433.013,138.8719
2022-02-09,173.851,303.95,141.2423,161.1895,439.3506,141.1065
2022-02-10,169.7483,295.326,138.2776,159.0035,431.4574,138.263
2022-02-11,166.3163,288.1572,133.9508,153.2935,422.9496,133.8014
2022-02-14,166.5529,288.1181,135.1912,155.167,421.5668,134.9685
2022-02-15,170.4091,293.4605,136.2711,156.5105,428.3654,136.0913
2022-02-16,170.1724,293.118,137.3978,158.1005,428.8455,137.1507
2022-02-17,166.5529,284.5349,132.2116,154.6525,419.6847,131.9844
2022-02-18,164.9947,281.7945,130.0809,152.6015,416.9673,130.1479
2022-02-22,162.0558,281.589,129.4929,150.1975,412.4925,129.0855
2022-02-23,157.8643,274.2978,127.2728,144.827,405.1754,127.2724
2022-02-24,160.4976,288.3126,132.3633,151.358,411.273,132.3485
2022-02-25,162.5785,290.9747,134.1274,153.7885,420.3473,134.1899
2022-02-28,162.8448,292.4231,134.7234,153.563,419.2718,134.5605
2022-03-01,160.9512,288.6649,133.7304,151.142,412.8862,133.8393
2022-03-02,164.2649,293.7933,134.2391,152.0525,420.4818,134.4214
2022-03-03,163.9395,289.6143,133.5688,147.8985,418.3884,133.979
2022-03-04,160.9216,283.6834,131.5807,145.641,414.9891,131.7983
2022-03-07,157.105,272.9667,126.0663,137.453,402.7556,126.1547
2022-03-08,155.2706,269.9719,126.7905,136.0145,399.702,126.9667
2022-03-09,160.7047,282.3524,133.0904,139.279,410.4184,133.538
2022-03-10,156.3357,279.5044,132.1024,146.8175,408.5651,132.3569
2022-03-11,152.5979,274.102,129.5497,145.5245,403.3702,130.1559
2022-03-14,148.5446,270.5494,125.6399,141.853,400.4222,126.4305
2022-03-15,152.953,281.0312,128.8789,147.3665,409.2277,129.3429
2022-03-16,157.391,288.1169,132.9513,153.104,418.302,133.363
2022-03-17,158.4068,288.9292,133.5084,157.239,423.5353,134.2707
2022-03-18,161.7205,294.0282,135.7893,161.2505,428.1742,136.4664
2022-03-21,163.1012,292.7852,135.7653,161.4915,428.049,136.1441
2022-03-22,166.4938,297.5808,139.5226,164.889,433.0578,139.9338
2022-03-23,167.8646,293.1082,137.934,163.408,427.4807,138.1642
2022-03-24,171.6714,297.62,141.2223,163.6495,433.9247,140.9658
2022-03-25,172.3125,297.2089,141.3231,164.7735,436.0438,141.1748
2022-03-28,173.1803,304.0793,141.1061,168.9905,439.1454,141.6022
2022-03-29,176.494,308.689,142.1535,169.315,444.578,142.8991
2022-03-30,175.3204,307.172,141.5879,166.301,441.8328,142.295
2022-03-31,172.204,301.7403,138.724,162.9975,435.0324,139.3074
2022-04-01,171.9081,302.8266,139.8043,163.56,436.2654,140.3553
2022-04-04,175.9812,308.2583,142.6184,168.3465,440.0027,143.2906
2022-04-05,172.6478,304.2555,140.2437,164.055,434.4449,140.7174
2022-04-06,169.4623,293.118,136.2107,158.756,430.1007,136.8399
2022-04-07,169.768,294.9481,135.5528,157.7845,432.268,136.1307
2022-04-08,167.7463,290.6419,132.9583,154.4605,431.1121,133.6822
2022-04-11,163.4661,279.1814,128.5053,151.122,423.7434,129.4785
2022-04-12,165.3498,276.0496,127.399,150.7875,422.1733,128.06
2022-04-13,168.052,281.4911,129.5732,155.541,427.0087,129.9668
2022-04-14,163.0124,273.8671,126.417,151.7065,421.6917,126.9412
2022-04-18,162.7954,274.5424,127.3611,152.785,421.8651,127.6475
2022-04-19,165.0933,279.2206,129.6879,158.1155,428.6751,130.2112
2022-04-20,164.9257,280.258,127.7238,153.998,428.3573,127.9313
2022-04-21,164.1268,274.8263,124.5062,148.296,421.9518,124.6314
2022-04-22,159.5606,268.1907,119.34,144.35,410.3738,119.321
2022-04-25,160.6356,274.7382,122.77,146.074,412.753,122.9481
2022-04-26,154.6394,264.4619,118.3569,139.391,400.7993,119.2132
2022-04-27,154.4126,277.1849,114.0122,138.167,401.9263,114.7387
2022-04-28,161.3851,283.4583,118.2297,144.5965,412.0787,119.119
2022-04-29,155.4777,271.6064,113.8276,124.2815,396.8501,114.6848
2022-05-02,155.7834,278.4083,116.295,124.5,399.2389,116.87
2022-05-03,157.2825,275.7756,117.0442,124.2535,401.069,117.8401
2022-05-04,163.7324,283.8009,121.959,125.9285,413.2827,122.2747
2022-05-05,154.6098,271.44,116.2177,116.407,398.5935,116.4605
2022-05-06,155.3407,268.8758,115.4606,114.7725,396.2143,115.3766
2022-05-09,150.1851,258.9421,112.2331,108.789,383.5286,112.807
2022-05-10,152.6048,263.7573,114.1124,108.859,384.4148,114.3038
2022-05-11,144.6936,254.998,113.3219,105.372,378.3079,113.6818
2022-05-12,140.8022,249.9088,112.5653,106.9305,377.913,112.8838
2022-05-13,145.2961,255.5558,115.7638,113.055,386.9481,116.2301
2022-05-16,143.7454,255.9277,114.1623,110.8105,385.378,114.5113
2022-05-17,147.3998,261.1344,116.1853,115.3685,393.3054,116.4156
2022-05-18,139.0836,249.245,111.6231,107.1125,377.4506,112.1256
2022-05-19,135.6564,248.3229,110.1113,107.319,375.1389,110.4742
2022-05-20,135.8935,247.7539,108.639,107.591,375.3026,109.0452
2022-05-23,141.3454,255.69,111.2126,107.557,382.3246,111.3929
2022-05-24,138.6293,254.6796,105.7082,104.1,379.406,105.6665
2022-05-25,138.7873,257.5244,105.5437,106.775,382.758,105.5802
2022-05-26,142.0071,260.8401,107.5262,111.0775,390.4061,108.0307
2022-05-27,147.7949,268.0404,112.0391,115.1465,399.9902,112.5227
2022-05-31,147.0048,266.6965,113.481,120.2095,397.7459,113.7596
2022-06-01,146.8764,267.236,113.6107,121.684,394.5287,113.8574
2022-06-02,149.3455,269.3549,117.332,125.511,402.0419,117.4575
2022-06-03,143.5874,264.8817,114.2581,122.35,395.4438,114.2833
2022-06-06,144.338,263.6358,116.5319,124.79,396.6478,116.7238
2022-06-07,146.8764,267.3145,116.8601,123.0,400.4525,116.9423
2022-06-08,146.1356,265.2643,116.9045,121.18,396.0987,116.9508
2022-06-09,140.8812,259.7512,114.5518,116.15,386.6784,114.6365
2022-06-10,135.4391,248.1757,110.8869,109.65,375.4664,111.1545
2022-06-13,130.2539,237.6499,106.1297,103.67,361.2106,106.6147
2022-06-14,131.123,239.8375,106.4519,102.31,360.1222,106.9314
2022-06-15,133.7601,246.9691,109.4934,107.67,365.2562,110.1201
2022-06-16,128.4563,240.3084,105.7716,103.66,353.1677,106.3748
2022-06-17,129.9378,242.9374,106.8788,106.22,353.9289,107.6012
2022-06-21,134.1947,248.9115,111.2685,108.68,362.8385,111.7406
2022-06-22,133.6811,248.3131,111.2121,108.95,362.1807,111.7595
2022-06-23,136.5651,253.934,111.9648,112.44,365.731,112.4084
2022-06-24,139.9133,262.6058,117.6836,116.46,377.359,118.2476
2022-06-27,139.9133,259.8493,115.5474,113.22,375.9176,116.3368
2022-06-28,135.7453,251.5993,111.7308,107.4,368.2365,112.2957
2022-06-29,137.5133,255.3074,111.4256,108.92,367.9367,111.9815
2022-06-30,135.0342,251.9427,108.6939,106.21,364.9474,109.1046
2022-07-01,137.2169,254.6403,108.4689,109.56,368.8073,108.8138
2022-07-05,139.8145,257.8481,112.9832,113.5,369.5038,113.608
2022-07-06,141.1578,261.1442,114.289,114.33,370.7518,114.9312
2022-07-07,144.5455,263.2925,118.4896,116.33,376.3046,119.0137
2022-07-08,145.227,262.5666,119.0587,115.54,375.995,119.8741
2022-07-11,143.0837,259.4765,115.3908,111.75,371.6998,116.237
2022-07-12,144.0615,248.8428,113.7389,109.22,368.4107,114.5681
2022-07-13,143.6961,247.9109,111.0784,110.4,366.4759,111.9122
2022-07-14,146.6393,249.245,110.0949,110.63,365.5859,111.167
2022-07-15,148.3184,251.8348,111.5014,113.55,372.5705,112.4907
2022-07-18,145.2566,249.4118,108.7607,113.76,369.4942,109.6407
2022-07-19,149.1381,254.5913,113.5289,118.21,379.4776,114.3392
2022-07-20,151.153,257.2791,113.6187,122.77,381.8961,114.419
2022-07-21,153.4345,259.8002,114.0576,124.63,385.785,114.7582
2022-07-22,152.19,255.4055,107.6335,122.42,382.2056,108.0945
2022-07-25,151.0641,253.9046,107.2444,121.14,382.67,107.9449
2022-07-26,149.7307,247.1065,104.7606,114.81,378.1426,105.1817
2022-07-27,154.8567,263.626,112.7807,120.97,387.9616,113.3217
2022-07-28,155.4098,271.1501,113.9379,122.28,392.8276,114.3093
2022-07-29,160.5062,275.3977,116.0327,134.95,398.5545,116.3542
2022-08-01,159.5185,272.7196,114.5763,135.39,397.3743,115.1971
2022-08-02,158.037,269.5903,114.8456,134.16,394.7527,115.6161
2022-08-03,164.0816,277.0948,117.7883,139.52,400.9343,118.489
2022-08-04,163.7655,278.2523,117.8981,142.57,400.6634,118.5788
2022-08-05,163.538,277.5264,117.1798,140.8,399.9863,117.9304
2022-08-08,163.0633,274.9857,117.0103,139.41,399.5219,117.8506
2022-08-09,163.1127,276.928,116.3419,137.83,397.9354,117.2121
2022-08-10,167.3854,283.6574,119.4043,142.69,406.2936,120.3544
2022-08-11,166.6436,281.5582,118.5465,140.64,406.2936,119.5265
2022-08-12,170.2141,286.3551,121.3794,143.55,413.1718,122.3495
2022-08-15,171.2921,287.8854,121.7785,143.18,414.8744,122.579
2022-08-16,171.1339,287.1399,121.3994,144.78,415.687,122.2099
2022-08-17,172.6372,286.3829,119.2547,142.1,412.7364,120.0252
2022-08-18,172.2416,285.2524,119.8732,142.3,413.936,120.5639
2022-08-19,169.6404,281.3006,116.9205,138.23,408.3735,117.8306
2022-08-22,165.7337,273.0429,113.9578,133.22,399.8702,114.7881
2022-08-23,165.3974,271.7551,113.5788,133.62,398.9028,114.4888
2022-08-24,165.6941,271.1161,113.4092,133.8,400.1797,114.419
2022-08-25,168.1667,274.1243,116.3619,137.28,405.8293,117.4117
2022-08-26,161.827,263.5466,110.0675,130.75,392.0924,111.0273
2022-08-29,159.6115,260.7351,109.1497,129.79,389.4998,110.0697
2022-08-30,157.1686,258.5134,108.6709,128.73,385.2239,109.6407
2022-08-31,155.4971,257.0388,107.9527,126.77,382.2927,108.8826
2022-09-01,156.229,255.987,109.4689,127.82,383.4923,110.2792
2022-09-02,154.1026,251.7205,107.5836,127.51,379.4486,108.4137
2022-09-06,152.8366,248.9581,106.5462,126.11,378.0169,107.2167
2022-09-07,154.2509,253.7161,109.1796,129.48,384.8079,110.2093
2022-09-08,152.7674,254.1388,108.1123,129.82,387.3231,109.1519
2022-09-09,155.6455,259.9781,110.3767,133.27,393.3403,111.5062
2022-09-12,161.6391,262.131,110.5862,136.45,397.5678,111.5959
2022-09-13,152.1542,247.7195,104.0623,126.82,380.2805,105.052
2022-09-14,153.6081,247.9456,104.7406,128.55,381.7316,105.6106
2022-09-15,150.7003,241.2215,102.6558,126.28,377.3977,103.6455
2022-09-16,149.0486,240.5923,102.5461,123.53,374.519,103.3761
2022-09-19,152.7871,240.3761,102.8154,124.66,377.4234,103.5956
2022-09-20,155.1806,238.3412,100.8902,122.19,373.0911,101.5805
2022-09-21,152.0355,234.9005,99.0348,118.54,366.5829,99.765
2022-09-22,151.0662,236.8961,99.8926,117.31,363.5037,100.3236
2022-09-23,148.7815,233.8879,98.4961,113.78,357.4133,98.927
2022-09-26,149.1178,233.4259,97.9275,115.15,353.8775,98.5679
2022-09-27,150.097,232.4035,97.2592,114.41,352.9741,97.8497
2022-09-28,148.198,236.9845,99.8029,118.01,359.9194,100.4932
2022-09-29,140.9186,233.475,97.1794,114.8,352.401,97.8497
2022-09-30,136.6856,228.953,95.4137,113.0,346.9517,95.9144
2022-10-03,140.889,236.6601,98.3964,115.88,356.1116,99.0567
2022-10-04,144.499,244.6622,101.3889,121.09,367.1463,102.1591
2022-10-05,144.7957,244.9768,101.1795,120.95,366.2915,101.9696
2022-10-06,143.8363,242.6076,101.1695,120.3,362.5129,101.9895
2022-10-07,138.5548,230.2703,98.4363,114.56,352.401,99.3261
2022-10-10,138.8812,225.3649,97.6183,113.67,349.7104,98.4682
2022-10-11,137.457,221.5899,96.94,112.21,347.4957,97.8098
2022-10-12,136.824,221.9242,97.319,112.9,346.3494,98.0592
2022-10-13,141.4231,230.2703,98.8153,112.53,355.49,99.4657
2022-10-14,136.8636,224.6865,96.3215,106.9,347.3888,96.9419
2022-10-17,140.8494,233.5045,99.7231,113.79,356.3156,100.5331
2022-10-18,142.1747,234.4581,100.5211,116.36,360.5022,101.1416
2022-10-19,142.2835,232.4723,99.3839,115.07,357.9475,100.0443
2022-10-20,141.8187,232.1479,99.7231,115.25,354.946,100.2837
2022-10-21,145.6562,238.0167,100.8802,119.32,363.5717,101.2314
2022-10-24,147.8123,243.0598,102.2668,119.82,368.0206,102.7177
2022-10-25,150.6706,246.412,104.2219,120.6,373.8973,104.6729
2022-10-26,147.7134,227.3998,94.6955,115.66,371.0804,94.5877
2022-10-27,143.2132,222.9072,91.9922,110.96,369.0988,92.3731
2022-10-28,154.0333,231.8727,96.0522,103.41,377.8799,96.3434
2022-10-31,151.6596,228.196,94.2766,102.44,375.1504,94.4281
2022-11-01,148.9991,224.3032,90.2465,96.79,373.5088,90.2783
2022-11-02,143.4407,216.3699,86.7552,92.12,364.1351,86.8567
2022-11-03,137.3581,210.6191,83.2239,89.3,360.3856,83.2855
2022-11-04,137.0906,217.6381,86.3661,90.98,365.5727,86.4876
2022-11-07,137.6256,224.0082,88.2714,90.53,369.0696,88.4328
2022-11-08,138.2002,224.9913,88.6804,89.98,371.0609,88.6922
2022-11-09,133.6133,220.7052,87.1043,86.14,363.4163,87.1859
2022-11-10,145.5015,238.8622,93.708,96.63,383.3875,93.9393
2022-11-11,148.3051,242.9222,96.1719,100.79,387.0981,96.493
2022-11-14,146.8984,237.4564,95.4636,98.49,383.8052,95.7947
2022-11-15,148.642,237.8693,98.1968,98.94,387.0787,98.4782
2022-11-16,147.4036,238.303,98.6058,97.12,384.1258,98.7475
2022-11-17,149.3156,238.2538,98.117,94.85,382.9504,98.2587
2022-11-18,149.8803,237.8003,97.1893,94.14,384.6892,97.5604
2022-11-21,146.6309,238.6185,95.3639,92.46,383.2904,95.5952
2022-11-22,148.7807,241.5563,96.8103,93.2,388.4483,97.0916
2022-11-23,149.6624,244.0701,98.2168,94.13,390.8962,98.5779
2022-11-25,146.73,243.9814,97.2193,93.41,390.8088,97.3609
2022-11-28,142.8762,238.3326,95.8127,93.95,384.5726,96.0142
2022-11-29,139.8546,236.9229,94.9549,92.42,383.9121,95.2062
2022-11-30,146.6507,251.5229,100.7405,96.54,396.0056,101.2015
2022-12-01,146.9281,251.0793,100.7405,95.5,395.7141,101.0319
2022-12-02,146.4327,251.4046,100.1919,94.13,395.2576,100.583
2022-12-05,145.2637,246.653,99.2343,91.01,388.1472,99.6253
2022-12-06,141.5784,241.645,96.7405,88.25,382.5522,97.0716
2022-12-07,139.6268,240.9056,94.7055,88.46,381.9014,94.9169
2022-12-08,141.3208,243.8927,93.4785,90.35,384.8932,93.7198
2022-12-09,140.8354,241.9407,92.6007,89.09,382.0179,92.842
2022-12-12,143.1437,248.9302,93.0795,90.55,387.5255,93.3308
2022-12-13,144.1146,253.2777,95.3938,92.49,390.4591,95.6152
2022-12-14,141.8756,253.5735,94.8352,91.58,387.9627,95.0765
2022-12-15,135.2281,245.4798,90.6356,88.45,378.4724,90.9766
2022-12-16,133.2567,241.2211,90.0371,87.86,374.0045,90.6374
2022-12-19,131.1366,237.0412,88.2215,84.92,370.8331,88.9316
2022-12-20,131.0673,238.3721,88.8001,85.19,371.3405,89.4104
2022-12-21,134.1879,240.9648,89.3587,86.77,376.893,90.0289
2022-12-22,130.9979,234.8132,87.5432,83.79,371.5162,88.0438
2022-12-23,130.6314,235.3456,89.0096,85.25,373.6532,89.59
2022-12-27,128.8184,233.6007,87.1741,83.04,372.1797,87.7146
2022-12-28,124.8656,231.2051,85.8075,81.82,367.5543,86.2482
2022-12-29,128.4023,237.5933,88.2315,84.18,374.1704,88.7321
2022-12-30,128.7194,236.4201,88.0121,84.0,373.1848,88.5126
2023-01-03,123.9046,236.1835,88.8999,85.82,371.6138,89.4802
2023-01-04,125.1826,225.8521,87.8624,85.14,374.4827,88.4927
2023-01-05,123.8551,219.1584,85.9871,83.12,370.2086,86.5574
2023-01-06,128.4122,221.7412,87.1243,86.08,378.6982,87.944
2023-01-09,128.9373,223.9002,87.8026,87.36,378.4836,88.5825
2023-01-10,129.5119,225.6056,88.2016,89.87,381.1378,89.0214
2023-01-11,132.2462,232.4275,91.2939,95.09,385.9584,92.034
2023-01-12,132.1669,235.1287,90.9049,95.27,387.3636,91.6848
2023-01-13,133.5043,235.8385,91.8925,98.12,388.8663,92.5727
2023-01-17,134.6734,236.9426,91.0645,96.05,388.154,91.9342
2023-01-18,133.9502,232.467,90.8949,95.46,382.0258,91.5552
2023-01-19,134.0096,228.642,92.8202,93.68,379.2447,93.6799
2023-01-20,136.5854,236.8145,97.7779,97.25,386.3097,99.0368
2023-01-23,139.7952,239.141,99.5435,97.52,390.9449,100.962
2023-01-24,141.2019,238.6087,97.4587,96.32,390.5252,98.9669
2023-01-25,140.5382,237.1989,94.9848,97.18,390.6716,96.493
2023-01-26,142.6186,244.4842,97.2791,99.22,394.9653,98.9171
2023-01-27,144.5703,244.6419,99.1245,102.24,395.8728,100.4633
2023-01-30,141.6676,239.2692,96.7006,100.55,390.9058,97.71
2023-01-31,142.9455,244.2969,98.5959,103.13,396.6534,99.6253
2023-02-01,144.0749,249.1668,100.1819,105.15,400.869,101.1815
2023-02-02,149.4147,260.8488,107.4739,112.91,406.7044,108.5335
2023-02-03,153.0604,254.6874,104.5212,103.39,402.3815,104.9622
2023-02-06,150.3162,253.1298,102.6458,102.18,399.9224,103.2165
2023-02-07,153.209,263.7669,107.3741,102.11,405.1529,107.7753
2023-02-08,150.5045,262.9486,99.1245,100.05,400.7226,99.755
2023-02-09,149.4642,259.8827,94.7753,98.24,397.2487,95.2261
2023-02-10,149.8313,259.3701,94.3364,97.61,398.1757,94.6276
2023-02-13,152.6492,267.4736,94.3763,99.54,402.8499,94.7673
2023-02-14,152.0043,268.3115,94.4461,99.7,402.6645,94.7174
2023-02-15,154.1176,266.1669,96.7006,101.16,403.9721,96.8621
2023-02-16,152.5103,259.0809,95.2741,98.15,398.4099,95.5454
2023-02-17,151.3593,255.0387,94.1169,97.2,397.4146,94.3583
2023-02-21,147.3211,249.7118,91.5633,94.58,389.4421,91.8245
2023-02-22,147.7477,248.5654,91.4236,95.79,388.9054,91.5751
2023-02-23,148.2339,251.7873,90.6655,95.82,390.9741,90.8469
2023-02-24,145.5649,246.3022,88.9098,93.5,386.7976,89.1311
2023-02-27,146.7655,247.2312,89.648,93.76,388.115,89.8793
2023-02-28,146.2594,246.4999,89.8375,94.23,386.6805,90.0788
2023-03-01,144.1758,243.3868,90.1368,92.17,385.1972,90.2883
2023-03-02,144.7712,248.1701,91.7728,92.13,388.193,92.0839
2023-03-03,149.8512,252.3012,93.4187,94.9,394.4188,93.7897
2023-03-06,152.6293,253.8627,94.895,93.75,394.692,95.3458
2023-03-07,150.4167,251.1745,93.6282,93.55,388.6419,93.9393
2023-03-08,151.6768,250.7298,94.0172,93.92,389.2762,94.4181
2023-03-09,149.4146,249.3659,92.092,92.25,382.0941,92.433
2023-03-10,147.3409,245.6796,90.4061,90.73,376.5807,90.787
2023-03-13,149.2956,250.9472,90.885,92.43,376.044,91.4354
2023-03-14,151.399,257.7368,93.7379,94.88,382.26,94.0191
2023-03-15,151.7959,262.3323,95.8726,96.2,379.8692,96.3135
2023-03-16,154.6336,272.9664,100.0722,100.04,386.5341,100.8224
2023-03-17,153.7902,276.1586,101.369,98.95,382.0147,102.209
2023-03-20,156.1715,269.0428,100.97,97.71,385.688,101.6803
2023-03-21,158.0368,270.5747,104.6608,100.61,390.7523,105.5807
2023-03-22,156.5981,269.1021,103.1147,98.7,384.0913,103.9647
2023-03-23,157.6895,274.4093,105.3392,98.71,385.1296,105.9997
2023-03-24,158.9992,277.2852,105.1796,98.13,387.6569,105.8002
2023-03-27,157.0446,273.1443,102.2069,98.04,388.3817,102.8075
2023-03-28,156.4195,272.0077,100.7804,97.24,387.5099,101.1117
2023-03-29,159.5152,277.2259,101.1396,100.25,393.1424,101.6504
2023-03-30,161.0928,280.7245,100.6408,102.0,395.4443,101.0718
2023-03-31,163.6129,284.9247,103.4738,103.29,401.0179,103.7452
2023-04-03,164.873,283.8672,104.1022,102.41,402.546,104.653
2023-04-04,164.3372,283.8178,104.4613,103.95,400.3127,104.8625
2023-04-05,162.4818,281.0111,104.212,101.1,399.2645,104.6929
2023-04-06,163.3748,288.1861,108.1522,102.06,400.822,108.6332
2023-04-10,160.7653,286.0019,106.1771,102.17,401.2334,106.688
2023-04-11,159.5449,279.5187,105.0898,99.92,401.3412,105.86
2023-04-12,158.8504,280.171,104.3815,97.83,399.7053,104.9622
2023-04-13,164.2678,286.4467,107.1646,102.4,405.0145,107.9249
2023-04-14,163.9205,282.79,108.6011,102.51,404.0252,109.1918
2023-04-17,163.9404,285.4189,105.7082,102.74,405.4749,106.1593
2023-04-18,165.1707,284.9939,104.2419,102.3,405.7394,104.8625
2023-04-19,166.3216,285.0729,103.9227,104.3,405.6708,104.7627
2023-04-20,165.3493,282.7603,105.0299,103.81,403.457,105.6406
2023-04-21,163.732,282.4144,105.1496,106.96,403.7705,105.6505
2023-04-24,164.0396,278.4712,105.7082,106.21,404.1917,106.5184
2023-04-25,162.4918,272.1955,103.5935,102.57,397.7756,104.3537
2023-04-26,162.4818,291.9119,103.4538,104.98,396.0908,104.1941
2023-04-27,167.0955,301.2612,107.3242,109.82,403.9762,108.1045
2023-04-28,168.3556,303.6627,107.0749,105.45,407.4242,107.9549
2023-05-01,168.2663,301.9826,106.9352,102.05,407.0128,107.4461
2023-05-02,167.2245,301.8344,105.0599,103.63,402.4383,105.7204
2023-05-03,166.143,300.8362,105.1496,103.65,399.676,105.86
2023-05-04,164.496,301.8344,104.4314,104.0,396.8451,104.9523
2023-05-05,172.2153,307.013,105.3092,105.655,404.1917,105.9548
2023-05-08,172.1458,305.0365,107.5038,105.83,404.2994,107.9748
2023-05-09,170.4293,303.4058,107.0848,106.62,402.5264,107.6756
2023-05-10,172.2053,308.6536,111.474,110.19,404.4072,112.0049
2023-05-11,172.3939,306.4794,116.2821,112.18,403.7019,116.6136
2023-05-12,171.4599,305.3527,117.2197,110.26,403.173,117.6311
2023-05-15,170.9631,305.837,116.2222,111.2,404.5639,116.6735
2023-05-16,170.9631,308.0903,119.2148,113.4,401.8604,119.7958
2023-05-17,171.5791,311.0022,120.5415,115.5,406.7385,121.1824
2023-05-18,173.924,315.4791,122.5266,118.15,410.6567,123.2174
2023-05-19,174.0332,315.3008,122.4568,116.25,410.0592,122.9481
2023-05-22,173.0794,318.1137,124.7411,115.01,410.2257,125.5616
2023-05-23,170.4564,312.2502,122.2573,114.99,405.6218,122.988
2023-05-24,170.7346,310.8536,120.6014,116.75,402.6832,121.342
2023-05-25,171.8772,322.8084,123.175,115.0,406.1704,124.0454
2023-05-26,174.3015,329.7119,124.3022,120.11,411.4306,125.1227
2023-05-30,176.1595,328.0479,123.3645,121.66,411.5873,124.3346
2023-05-31,176.1098,325.2548,122.5665,120.58,409.3049,123.0678
2023-06-01,178.9315,329.4048,123.4144,122.77,413.1937,124.0653
2023-06-02,179.786,332.1979,124.3621,124.25,419.169,124.9232
2023-06-05,178.4248,332.7327,125.6987,125.3,418.3658,126.3198
2023-06-06,178.0572,330.4943,126.9955,126.61,419.2768,127.5966
2023-06-07,176.6761,320.2927,122.1974,121.23,417.827,122.6388
2023-06-08,179.4084,322.1547,121.8383,124.25,420.3543,122.3695
2023-06-09,179.7959,323.6701,121.9281,123.43,421.1085,122.569
2023-06-12,182.6077,328.6818,123.3346,126.57,424.9288,124.0454
2023-06-13,182.1308,331.0985,123.5241,126.66,427.7303,124.1252
2023-06-14,182.7667,334.1194,123.3645,126.42,428.2396,124.0753
2023-06-15,184.8135,344.7767,124.781,127.11,433.5488,125.4818
2023-06-16,183.7305,339.0617,123.2249,125.49,432.0724,123.7561
2023-06-20,183.8199,334.8226,122.7959,125.78,429.8307,123.5466
2023-06-21,182.7766,330.3755,120.2522,124.83,427.6284,120.9629
2023-06-22,185.7971,336.4668,122.8458,130.15,429.172,123.5665
2023-06-23,185.4791,331.8215,122.0378,129.33,425.9275,122.7186
2023-06-26,184.0782,325.4628,118.0477,127.33,424.1872,118.7982
2023-06-27,186.8503,331.3758,118.0377,129.18,428.8377,118.7184
2023-06-28,188.0326,332.6436,119.8831,129.04,429.054,120.7834
2023-06-29,188.3704,331.8512,118.8058,127.9,430.7451,119.716
2023-06-30,192.7222,337.2888,119.4043,130.36,435.8282,120.6736
2023-07-03,191.222,334.7632,119.6038,130.22,436.3296,120.2646
2023-07-05,190.0992,334.9216,121.4493,130.38,435.6807,122.3296
2023-07-06,190.5761,338.0119,119.8133,128.36,432.269,120.6337
2023-07-07,189.4534,334.0005,119.1849,129.78,431.1777,119.8457
2023-07-10,187.3967,328.662,116.1624,127.13,432.269,116.5837
2023-07-11,186.8701,329.2959,116.8507,128.78,435.022,117.4216
2023-07-12,188.5493,333.9807,118.6362,130.8,438.5221,119.3269
2023-07-13,189.3143,339.3886,124.2324,134.3,442.0026,124.5242
2023-07-14,189.4633,341.944,125.1102,134.68,441.7273,125.3921
2023-07-17,192.7421,342.4293,124.3421,133.56,443.2611,124.7536
2023-07-18,192.4838,356.0579,123.4543,132.83,446.5548,123.776
2023-07-19,193.845,351.69,121.7286,135.36,447.5478,122.4792
2023-07-20,191.8877,343.5584,118.9056,129.96,444.5786,119.2372
2023-07-21,190.7053,340.488,119.7235,130.0,444.5786,120.0153
2023-07-24,191.5101,341.8152,121.2298,128.8,446.5646,121.5814
2023-07-25,192.3745,347.6292,121.9081,129.13,447.7838,122.4892
2023-07-26,193.2488,334.5453,128.9507,128.15,447.8526,129.3424
2023-07-27,191.9771,327.5626,129.0804,128.25,444.8834,129.5518
2023-07-28,194.5703,335.1395,132.2525,132.21,449.2389,132.6841
2023-07-31,195.1863,332.7129,132.3922,133.68,450.0943,132.7839
2023-08-01,194.3517,333.1289,131.2251,131.69,448.8063,131.5669
2023-08-02,191.3412,324.3733,128.0629,128.21,442.563,128.3249
2023-08-03,189.9403,323.5413,128.1327,128.91,441.2947,128.4545
2023-08-04,180.8193,324.6507,127.7936,139.57,439.2989,128.2251
2023-08-07,177.6995,326.9584,131.2051,142.22,443.1333,131.6168
2023-08-08,178.6434,322.9372,131.0754,139.94,441.2062,131.517
2023-08-09,177.0438,319.1536,129.3397,137.85,438.2567,129.8312
2023-08-10,176.8252,319.847,129.3697,138.56,438.414,129.891
2023-08-11,176.8849,317.9453,129.24,138.41,438.1584,129.8511
2023-08-14,178.5464,320.9464,131.0056,140.57,440.577,131.507
2023-08-15,176.5466,318.7872,129.4594,137.67,435.4447,129.9509
2023-08-16,175.6711,318.013,128.3821,135.07,432.2494,128.7937
2023-08-17,173.1142,314.5192,129.5991,133.98,428.9557,130.1404
2023-08-18,173.6017,314.1222,127.1452,133.22,429.1622,127.7961
2023-08-21,174.9448,319.482,128.0529,134.68,431.9544,128.6141
2023-08-22,176.3277,320.0576,128.7612,134.25,430.7844,129.3723
2023-08-23,180.1979,324.5638,132.043,135.52,435.5824,132.8837
2023-08-24,175.482,317.5862,129.4594,131.84,429.5456,130.1005
2023-08-25,177.7007,320.5738,129.5592,133.26,432.5738,130.3698
2023-08-28,179.2726,321.2884,130.6864,133.14,435.3169,131.4671
2023-08-29,183.1826,325.9633,134.2376,134.91,441.6093,135.1581
2023-08-30,186.6947,326.3405,135.5444,135.07,443.4282,136.5945
2023-08-31,186.9135,325.3181,135.8336,138.01,442.7793,137.0135
2023-09-01,188.4955,326.2114,135.3249,138.12,443.6052,136.4649
2023-09-05,188.7342,331.065,135.4346,137.27,441.688,136.3751
2023-09-06,181.9788,330.4,134.1279,135.36,438.7188,135.0384
2023-09-07,176.656,327.4521,134.9259,137.85,437.3718,135.8663
2023-09-08,177.2729,331.7796,136.0431,138.23,438.0305,136.8639
2023-09-11,178.4469,335.4223,136.5818,143.1,440.9113,137.4026
2023-09-12,175.4025,329.2983,135.0057,141.23,438.4926,135.7366
2023-09-13,173.3231,333.5563,136.3723,144.85,439.0039,137.1631
2023-09-14,174.8453,336.1766,137.7589,144.72,442.7892,138.6495
2023-09-15,174.119,327.7598,137.0606,140.39,437.4545,137.9612
2023-09-18,177.0639,326.6085,137.8686,139.98,437.711,138.6196
2023-09-19,178.1583,326.2015,137.699,137.63,436.8033,138.4899
2023-09-20,174.5966,318.3802,133.4097,135.29,432.7876,134.2603
2023-09-21,173.0445,317.1495,130.1178,129.33,425.6343,131.0382
2023-09-22,173.9001,314.6482,129.9283,129.12,424.6773,130.9285
2023-09-25,175.1836,315.1743,130.7861,131.27,426.4631,131.8462
2023-09-26,171.0845,309.8145,128.2474,125.98,420.1978,129.1329
2023-09-27,169.5623,310.4597,130.2176,125.98,420.3656,131.1379
2023-09-28,169.821,311.3033,131.9832,125.98,422.8026,132.8039
2023-09-29,170.3384,313.3976,130.5368,127.12,421.7765,131.527
2023-10-02,172.8654,319.4026,133.8386,129.46,421.6088,134.8389
2023-10-03,171.5223,311.0552,132.1029,124.72,415.9651,132.9734
2023-10-04,172.7759,316.5837,134.9059,127.0,418.9941,135.9362
2023-10-05,174.0195,316.9807,134.7364,125.96,418.8362,135.6568
2023-10-06,176.5864,324.8219,137.2402,127.96,423.809,138.3901
2023-10-09,178.0788,327.3628,138.0781,128.26,426.5223,139.1582
2023-10-10,177.4818,325.9435,137.719,129.48,428.7423,138.859
2023-10-11,178.8846,329.9434,140.2028,131.83,430.4985,141.3529
2023-10-12,179.79,328.6928,138.6267,132.33,427.874,139.9463
2023-10-13,177.9395,325.2884,137.0207,129.79,425.7429,138.2405
2023-10-16,177.8101,330.1618,138.7514,132.55,430.2223,140.1458
2023-10-17,176.2481,329.5861,139.3749,131.47,430.2025,140.6446
2023-10-18,174.9448,327.6506,137.6192,128.13,424.4701,138.9388
2023-10-19,174.5667,328.8516,137.4097,128.4,420.7405,138.6395
2023-10-20,171.9999,324.2363,135.2651,125.17,415.5704,136.405
2023-10-23,172.1193,326.8665,136.1628,126.56,414.8502,137.5622
2023-10-24,172.557,328.0675,138.4671,128.56,417.9779,139.7767
2023-10-25,170.2289,338.132,125.2997,121.39,411.979,126.3597
2023-10-26,166.0404,325.4472,121.978,119.57,407.0457,123.1376
2023-10-27,167.3636,327.3529,121.8682,127.74,405.2006,123.0977
2023-10-30,169.423,334.797,124.1526,132.71,410.0451,125.4419
2023-10-31,169.9006,335.591,123.7735,133.09,412.6203,124.993
2023-11-01,173.0843,343.4917,126.1377,137.0,417.0208,127.2575
2023-11-02,176.666,345.725,127.1751,138.07,425.0127,128.265
2023-11-03,175.7507,350.1716,128.7811,138.6,428.8903,130.0506
2023-11-06,178.3175,353.8738,129.9283,139.74,429.8769,131.128
2023-11-07,180.8943,357.844,130.6465,142.71,431.1004,132.0756
2023-11-08,181.9589,360.4941,131.5143,142.08,431.4161,132.9335
2023-11-09,181.4813,358.0028,129.9183,140.6,428.0516,131.3674
2023-11-10,185.6954,366.9159,132.2625,143.56,434.7313,133.7316
2023-11-13,184.1014,363.9482,131.7637,142.59,434.3169,133.3126
2023-11-14,186.7314,367.5114,133.2899,145.8,442.743,135.0982
2023-11-15,187.2993,367.6606,134.2875,143.2,443.6803,136.0459
2023-11-16,188.9928,374.1253,136.5918,142.83,444.223,138.3602
2023-11-17,188.9729,367.8396,134.9758,145.18,444.7755,136.6045
2023-11-20,190.7263,375.3884,135.9135,146.13,448.1992,137.5821
2023-11-21,189.9193,371.0421,136.6317,143.9,447.2224,138.2804
2023-11-22,190.5868,375.7962,138.1479,146.71,448.949,139.677
2023-11-24,189.2519,375.3784,136.3524,146.74,449.2253,137.8814
2023-11-27,189.0725,376.552,136.0731,147.73,448.4163,137.7118
2023-11-28,189.6802,380.6198,136.8611,147.03,448.8602,138.2804
2023-11-29,188.6541,376.7907,134.6566,146.32,448.5445,136.0658
2023-11-30,189.2319,376.8504,132.2026,146.09,450.3106,133.5919
2023-12-01,190.5171,372.4743,131.5343,147.03,452.9746,132.9934
2023-12-04,188.7139,367.1335,128.9507,144.84,450.5968,130.31
2023-12-05,192.6888,370.4951,130.6664,146.88,450.508,132.0657
2023-12-06,191.593,366.7954,129.6988,144.52,448.6925,131.108
2023-12-07,193.5356,368.9337,136.5918,146.88,452.1162,138.1108
2023-12-08,194.9702,372.1958,134.6566,147.42,454.0599,136.3053
2023-12-11,192.4497,369.2818,132.9608,145.89,455.8261,134.37
2023-12-12,193.9739,372.345,132.1927,147.48,457.9079,133.3126
2023-12-13,197.2117,372.3351,132.2425,148.84,464.2225,133.6418
2023-12-14,197.3611,363.941,131.6141,147.42,465.7124,132.8737
2023-12-15,196.8231,368.7149,132.2725,149.97,464.9457,133.5121
2023-12-18,195.1495,370.6244,135.4646,154.07,467.561,136.8539
2023-12-19,196.1955,371.2311,136.3125,153.79,470.4042,137.7617
2023-12-20,194.0935,368.6055,137.9983,152.12,463.8857,139.3179
2023-12-21,193.9441,371.5096,140.0732,153.84,468.2842,141.4526
2023-12-22,192.8681,372.5439,141.1405,153.42,469.2253,142.3704
2023-12-26,192.3202,372.6235,141.1704,153.41,471.2066,142.4701
2023-12-27,192.4198,372.0367,140.0233,153.34,472.0586,141.0935
2023-12-28,192.8482,373.2401,139.8836,153.38,472.2369,140.9339
2023-12-29,191.8022,373.996,139.345,151.94,470.8698,140.5847
2024-01-02,184.9382,368.8541,137.8287,149.93,468.2346,139.2181
2024-01-03,183.5535,368.5856,138.5769,148.47,464.4107,140.0161
2024-01-04,181.2223,365.94,136.0531,144.57,462.9148,137.7018
2024-01-05,180.4951,365.7511,135.3947,145.24,463.5488,137.0534
2024-01-08,184.8585,372.6533,138.4971,149.1,470.1664,140.1857
2024-01-09,184.4401,373.7474,140.6018,151.37,469.4532,142.2107
2024-01-10,185.4861,380.6894,141.9286,153.73,472.1081,143.4477
2024-01-11,184.8884,382.5393,141.7291,155.18,471.9001,143.318
2024-01-12,185.2172,386.3584,142.2976,154.62,472.227,143.8866
2024-01-16,182.9358,388.1487,142.138,153.16,470.4933,143.727
2024-01-17,181.9894,387.353,141.1206,151.71,467.878,142.5399
2024-01-18,187.9169,391.7291,143.1256,153.5,472.0388,144.6348
2024-01-19,190.8358,396.503,146.0184,155.34,477.9233,147.6075
2024-01-22,193.157,394.3547,145.6294,154.78,478.9338,147.3481
2024-01-23,194.4422,396.7317,146.6768,156.02,480.3306,148.3158
2024-01-24,193.7647,400.3719,148.3327,156.87,480.8556,149.9817
2024-01-25,193.436,402.6693,151.4949,157.75,483.471,153.2636
2024-01-26,191.6926,401.7344,151.8091,159.12,482.8568,153.4132
2024-01-29,191.0052,407.4929,153.1308,161.26,486.6807,154.4607
2024-01-30,187.3292,406.3691,151.0859,159.0,486.3043,152.675
2024-01-31,183.7029,395.4189,139.7539,155.2,478.3691,141.4526
2024-02-01,186.1536,401.5852,140.8113,159.28,484.63,142.3604
2024-02-02,185.1474,408.9848,142.0283,171.81,489.7319,143.1883
2024-02-05,186.9705,403.4451,143.3251,170.31,487.9487,144.5749
2024-02-06,188.5844,403.2859,143.7441,169.15,489.3654,145.0538
2024-02-07,188.694,411.7994,145.1805,170.53,493.4469,146.3207
2024-02-08,187.6081,411.8591,145.5496,169.84,493.6648,146.8593
2024-02-09,188.3762,418.2641,148.632,174.45,496.5179,149.852
2024-02-12,186.6804,413.0028,147.1656,172.34,496.3,148.3656
2024-02-13,184.5757,404.1114,144.7815,168.64,489.4645,146.0114
2024-02-14,183.688,408.0173,145.5795,170.98,493.9125,146.7795
2024-02-15,183.3987,405.0979,142.4173,169.8,497.3204,143.5874
2024-02-16,181.8526,402.6068,140.1729,169.51,494.8437,141.4127
2024-02-20,181.1045,401.3414,140.7714,167.08,492.1194,141.8516
2024-02-21,181.8625,400.7336,142.1979,168.59,492.5652,143.4876
2024-02-22,183.9074,410.1695,143.7341,174.58,502.7591,144.964
2024-02-23,182.062,408.8643,143.6044,174.99,503.1058,144.9341
2024-02-26,180.7055,406.0743,137.2302,174.73,501.2632,138.4101
2024-02-27,182.1718,406.0145,138.537,173.54,502.1944,139.7568
2024-02-28,180.9648,406.2537,136.0431,173.16,501.5307,137.0933
2024-02-29,180.2965,412.1524,138.118,176.76,503.3337,139.4376
2024-03-01,179.2092,414.0057,136.8013,178.22,508.0591,137.7417
2024-03-04,174.6607,413.4278,133.0206,177.58,507.5142,133.8712
2024-03-05,169.6932,401.2019,132.3423,174.12,502.4421,133.4523
2024-03-06,168.6957,400.6439,131.0754,173.51,504.9881,132.2352
2024-03-07,168.576,407.6686,134.0481,176.82,510.0008,134.9087
2024-03-08,170.3016,404.7591,135.0755,175.35,506.9397,135.9561
2024-03-11,172.3166,403.0652,137.3299,171.96,506.5038,138.5996
2024-03-12,172.7954,413.7865,138.1579,175.39,511.9524,139.278
2024-03-13,170.7006,413.6071,139.4447,176.555,511.15,140.4251
2024-03-14,172.5659,423.6907,142.7465,178.75,510.1395,143.9864
2024-03-15,172.1869,414.9224,140.8313,174.42,506.6365,141.8217
2024-03-18,173.2841,415.8192,147.3152,174.48,509.6475,148.1162
2024-03-19,175.6382,419.8944,146.6668,175.9,512.4797,147.5576
2024-03-20,178.2217,423.7007,148.3726,178.15,517.2198,149.3133
2024-03-21,170.94,427.8258,147.2354,178.15,518.929,148.3756
2024-03-22,171.8477,427.1981,150.3976,178.87,517.9452,151.3982
2024-03-25,170.4213,421.3392,149.6993,179.71,516.5143,150.7797
2024-03-26,169.2842,420.1336,150.2978,178.3,515.5603,151.3284
2024-03-27,172.8752,419.9144,150.4973,179.83,519.893,151.5678
2024-03-28,171.0497,419.2069,150.5572,180.38,519.7936,151.887
2024-04-01,169.6034,423.0431,155.1059,180.97,518.8893,156.1166
2024-04-02,168.4164,419.9243,154.1782,180.69,515.5901,155.4881
2024-04-03,169.2243,418.9379,154.5373,182.41,516.1565,155.9869
2024-04-04,168.3964,416.3771,150.1582,180.0,509.8562,151.5678
2024-04-05,169.1545,423.9897,152.1233,185.07,515.1826,153.5629
2024-04-08,168.0273,423.063,154.4675,185.19,515.4708,155.7575
2024-04-09,169.2443,424.7469,156.2132,185.67,516.0671,157.7526
2024-04-10,167.359,421.7378,155.7543,185.95,510.8996,157.2738
2024-04-11,174.6008,426.391,159.0162,189.05,514.7553,160.3961
2024-04-12,176.107,420.3827,157.3404,186.13,507.6501,158.8
2024-04-15,172.2567,412.1524,154.4775,183.62,501.2902,155.947
2024-04-16,168.955,413.089,154.0186,183.32,500.376,155.6178
2024-04-17,167.5785,410.3589,155.086,181.28,497.4146,156.4957
2024-04-18,166.6209,402.8161,155.6246,179.22,496.3911,157.0742
2024-04-19,164.586,397.6846,153.7094,174.63,492.0584,155.3385
2024-04-22,165.4239,399.518,155.894,177.23,496.5898,157.563
2024-04-23,166.4812,406.1042,157.8691,179.54,502.4827,159.5282
2024-04-24,168.5959,407.5889,158.7369,176.59,502.2442,160.7053
2024-04-25,169.4637,397.6049,155.6147,173.67,500.3362,157.563
2024-04-26,168.8752,404.8587,171.5253,179.62,505.0763,173.2645
2024-04-29,173.0647,400.8034,165.7396,180.96,506.8651,167.4887
2024-04-30,169.9026,387.9298,162.3779,175.0,498.8357,164.2367
2024-05-01,168.8752,393.5196,163.4553,179.0,497.2159,165.1644
2024-05-02,172.5959,396.4092,166.2084,184.72,501.8666,168.0473
2024-05-03,182.9199,405.1975,166.8269,186.21,508.0874,168.576
2024-05-06,181.2541,412.0528,167.6848,188.7,513.3343,169.4139
2024-05-07,181.9423,407.8679,170.827,188.76,513.9007,172.5562
2024-05-08,182.2815,409.0635,168.9616,188.0,513.9504,170.7407
2024-05-09,184.1069,410.8371,169.5402,189.5,516.9117,171.1597
2024-05-10,182.8384,413.2484,168.2334,187.48,517.5775,169.8728
2024-05-13,186.0646,412.2321,168.7222,186.57,517.6471,170.4813
2024-05-14,187.2133,415.0619,169.9192,187.07,520.0221,171.5088
2024-05-15,189.5007,422.3188,172.0839,185.99,526.4616,173.454
2024-05-16,189.6205,420.2326,173.7498,183.63,525.3784,175.0002
2024-05-17,189.6505,419.454,175.6251,184.7,526.1336,176.8557
2024-05-20,190.8191,424.5747,176.483,183.54,526.7398,178.0228
2024-05-21,192.1276,428.2681,177.4107,183.15,528.0317,179.1002
2024-05-22,190.6793,429.7454,175.9443,183.13,526.5112,177.5639
2024-05-23,186.6639,426.2318,173.1213,181.05,522.6655,174.6311
2024-05-24,189.7604,429.3861,174.5578,180.75,526.1237,175.898
2024-05-28,189.7703,429.5458,175.9643,182.15,526.4914,177.5839
2024-05-29,190.07,428.3979,175.4655,182.02,522.8046,176.9654
2024-05-30,191.0688,413.9239,171.6849,179.32,519.3365,173.1348
2024-05-31,192.0277,414.3831,172.0739,176.44,524.0666,173.5338
2024-06-03,193.8057,412.776,172.7423,178.34,524.494,173.9927
2024-06-04,194.1253,415.3214,173.3607,179.34,525.0803,174.701
2024-06-05,195.6436,423.2471,174.9767,181.28,531.3209,176.6362
2024-06-06,194.2552,423.7562,176.2935,185.0,531.311,177.9131
2024-06-07,196.6624,423.0874,174.0291,184.3,530.6651,175.5189
2024-06-10,192.8967,427.1002,174.7781,187.06,532.3047,176.3978
2024-06-11,206.9105,431.9015,176.3859,187.23,533.5866,177.9557
2024-06-12,212.8237,440.2665,177.5544,186.89,537.969,179.3239
2024-06-13,213.9923,440.7855,174.9279,183.83,539.0522,176.5076
2024-06-14,212.2443,441.7737,176.5557,183.66,539.3801,178.1355
2024-06-17,216.4195,447.5633,177.0051,184.06,543.6731,178.545
2024-06-18,214.0423,445.537,174.858,182.81,545.0544,176.218
2024-06-20,209.4376,444.8981,176.0664,186.1,543.5737,177.4764
2024-06-21,207.2501,448.9708,179.392,189.08,542.8449,180.023
2024-06-24,207.8994,446.8646,178.9825,185.57,541.0804,180.5523
2024-06-25,208.8283,450.1387,183.7861,186.34,543.164,185.336
2024-06-26,213.0035,451.3465,183.6363,193.61,543.8419,185.1263
2024-06-27,213.8525,452.0352,185.1643,197.85,544.6993,186.6143
2024-06-28,210.3765,446.1459,181.9086,193.25,542.5558,183.1789
2024-07-01,216.4994,455.9083,182.7475,197.2,543.6724,184.2475
2024-07-02,220.0153,458.4537,184.9945,200.0,547.3312,186.3647
2024-07-03,221.2939,459.941,185.5738,197.59,549.7737,187.1436
2024-07-05,226.0783,466.7188,190.3474,200.0,552.944,191.7076
2024-07-08,227.5566,465.4012,188.7795,199.29,553.582,190.2296
2024-07-09,228.4156,458.7132,188.7296,199.34,554.1204,190.1896
2024-07-10,232.7106,465.4111,190.9266,199.79,559.6035,192.4067
2024-07-11,227.3069,453.8819,185.3241,195.05,554.7783,187.0538
2024-07-12,230.2735,452.734,184.8247,194.49,558.2776,186.5344
2024-07-15,234.129,453.1433,186.2828,192.72,559.8129,187.9426
2024-07-16,234.5485,448.7112,183.6763,193.02,563.1327,185.2561
2024-07-17,228.6154,442.722,180.7801,187.93,555.2369,182.3799
2024-07-18,223.9208,439.5777,177.4545,183.75,550.97,178.9844
2024-07-19,224.0507,436.3236,177.4246,183.13,547.3112,179.1542
2024-07-22,223.7011,442.1431,181.4292,182.55,552.9539,183.109
2024-07-23,224.7499,444.0496,181.5491,186.41,552.0866,183.3586
2024-07-24,218.2873,428.1283,172.4012,180.83,539.575,174.1408
2024-07-25,217.2386,417.6472,167.0583,179.85,536.7636,168.9376
2024-07-26,217.708,424.5049,166.7787,182.5,542.7752,168.4582
2024-07-29,217.9877,425.9622,169.3053,183.2,543.0942,170.905
2024-07-30,218.547,422.1591,170.0643,181.71,540.3426,171.6341
2024-07-31,221.8232,417.5973,171.3127,186.98,549.1257,172.9224
2024-08-01,218.1075,416.3596,170.5337,184.07,541.3495,172.2233
2024-08-02,219.6058,407.7551,166.4391,167.9,531.2704,168.1786
2024-08-05,209.0281,394.4391,159.039,161.02,515.7979,160.4288
2024-08-06,206.9904,398.891,158.0802,161.93,520.5533,160.3289
2024-08-07,209.5774,397.7132,158.7294,162.77,517.074,160.5387
2024-08-08,213.0634,401.9655,161.8153,165.8,529.0273,163.6246
2024-08-09,215.99,405.2895,163.4531,166.94,531.3602,165.1726
2024-08-12,217.53,406.0781,162.0749,166.8,531.6393,163.7345
2024-08-13,221.27,413.2651,163.9425,170.23,540.3825,165.7119
2024-08-14,221.72,416.11,160.1575,170.1,542.0873,161.817
2024-08-15,224.72,421.03,161.0862,177.59,551.3788,162.9555
2024-08-16,226.05,418.47,162.744,177.06,552.615,164.5234
2024-08-19,225.89,421.53,166.4491,178.22,557.8988,168.1786
2024-08-20,226.51,424.8,166.9585,178.88,556.9916,168.7379
2024-08-21,226.4,424.14,165.6302,180.11,558.9057,167.4096
2024-08-22,224.53,415.55,163.5829,176.13,554.5191,165.2724
2024-08-23,226.84,416.79,165.4005,177.04,560.4111,167.2099
2024-08-26,227.18,413.49,165.9398,175.5,559.0752,167.7092
2024-08-27,228.03,413.84,164.4618,173.12,559.8428,166.1613
2024-08-28,226.49,410.6,162.6342,170.8,556.5928,164.2837
2024-08-29,229.79,413.12,161.5656,172.12,556.6426,163.1852
2024-08-30,229.0,417.14,163.1635,178.5,561.9563,164.8929
2024-09-03,222.77,409.44,157.1515,176.25,550.3918,158.4015
2024-09-04,220.85,408.9,156.2427,173.33,549.2652,157.6025
2024-09-05,222.38,408.39,157.0316,177.89,547.9293,158.3915
2024-09-06,220.82,401.7,150.72,171.39,538.7076,151.93
2024-09-09,220.91,405.72,148.71,175.4,544.7391,149.54
2024-09-10,220.11,414.2,148.66,179.55,547.1119,150.01
2024-09-11,222.66,423.04,151.16,184.52,552.7246,152.15
2024-09-12,222.77,427.0,154.69,187.0,557.3804,155.54
2024-09-13,222.5,430.59,157.46,186.49,560.2914,158.37
2024-09-16,216.32,431.34,158.06,184.89,561.1189,158.99
2024-09-17,216.79,435.15,159.32,186.88,561.3482,160.28
2024-09-18,220.69,430.81,159.81,186.43,559.6833,160.81
2024-09-19,228.87,438.69,162.14,189.87,569.234,163.24
2024-09-20,228.2,435.27,163.59,191.6,568.25,164.64
2024-09-23,226.47,433.51,161.85,193.88,569.67,163.07
2024-09-24,227.37,429.17,162.29,193.96,571.3,163.64
2024-09-25,226.37,432.11,161.49,192.53,570.04,162.99
2024-09-26,227.52,431.31,162.73,191.16,572.3,163.83
2024-09-27,227.79,428.02,163.95,187.97,571.47,165.29
2024-09-30,233.0,430.3,165.85,186.33,573.76,167.19
2024-10-01,226.21,420.69,166.99,185.13,568.62,168.42
2024-10-02,226.78,417.13,165.86,184.76,568.86,167.31
2024-10-03,225.67,416.54,165.86,181.96,567.82,167.21
2024-10-04,226.8,416.06,167.06,186.51,572.98,168.56
2024-10-07,221.69,409.54,162.98,180.8,567.8,164.39
2024-10-08,225.77,414.71,164.38,182.72,573.17,165.7
2024-10-09,229.54,417.46,161.86,185.17,577.14,163.06
2024-10-10,229.04,415.84,162.08,186.65,576.13,163.18
2024-10-11,227.55,416.32,163.24,188.82,579.58,164.52
2024-10-14,231.3,419.14,164.96,187.54,584.32,166.35
2024-10-15,233.85,418.74,165.46,187.69,579.78,166.9
2024-10-16,231.78,416.12,165.16,186.89,582.3,166.74
2024-10-17,232.15,416.72,162.93,187.53,582.35,164.51
2024-10-18,235.0,418.16,163.42,188.99,584.59,165.05
2024-10-21,236.48,418.78,164.07,189.07,583.63,165.8
2024-10-22,235.86,427.51,165.14,189.7,583.32,166.82
2024-10-23,230.76,424.6,162.78,184.71,577.99,164.48
2024-10-24,230.57,424.73,162.72,186.38,579.24,164.53
2024-10-25,231.41,428.15,165.27,187.83,579.04,166.99
2024-10-28,233.4,426.59,166.72,188.39,580.83,168.34
2024-10-29,233.67,431.95,169.68,190.83,581.77,171.14
2024-10-30,230.1,432.53,174.46,192.73,580.01,176.14
2024-10-31,225.91,406.35,171.11,186.4,568.64,172.69
2024-11-01,222.91,410.37,171.29,197.93,571.04,172.65
2024-11-04,222.01,408.46,169.24,195.78,569.81,170.68
2024-11-05,222.19,411.936,169.39,197.21,573.9,171.02
2024-11-06,224.175,415.805,174.99,203.8328,586.83,176.74
2024-11-07,227.23,425.43,180.75,210.05,595.61,182.28
2024-11-08,226.96,422.54,178.35,208.18,598.19,179.86
2024-11-11,224.23,418.01,180.35,206.84,598.76,181.97
2024-11-12,224.23,423.03,181.62,208.91,596.9,183.32
2024-11-13,225.12,425.2,178.88,214.1,597.19,180.49
2024-11-14,228.22,426.89,175.58,211.48,593.35,177.35
2024-11-15,225.0,414.171,172.2925,202.61,583.7856,173.6929
2024-11-18,228.02,414.9295,175.0993,201.7,586.1776,176.5996
2024-11-19,228.28,416.9554,177.9161,204.61,588.3204,179.3765
2024-11-20,229.0,414.66,175.7785,202.88,588.5197,177.129
2024-11-21,228.52,412.87,167.4381,198.38,591.6791,169.0482
2024-11-22,229.87,417.0,164.5714,197.12,593.5129,166.3812
2024-11-25,232.87,418.79,167.4581,201.45,595.5261,169.238
2024-11-26,235.06,427.99,168.9264,207.86,598.6357,170.4267
2024-11-27,234.93,422.99,169.0363,205.74,596.8218,170.6264
2024-11-29,237.33,423.46,168.7566,207.89,600.5293,170.2968
2024-12-02,239.59,430.98,171.2937,210.71,601.6057,172.784
2024-12-03,242.65,431.2,171.1439,213.44,601.8847,172.8239
2024-12-04,243.01,437.42,174.1704,218.16,605.6221,175.8905
2024-12-05,243.04,442.62,172.4424,220.55,604.6255,174.1125
2024-12-06,242.84,443.57,174.51,227.03,605.7716,176.29
2024-12-09,246.75,446.02,175.37,226.09,602.6521,177.1
2024-12-10,247.77,443.33,185.17,225.04,600.7784,186.53
2024-12-11,246.49,448.99,195.4,230.26,605.4228,196.71
2024-12-12,247.96,449.56,191.96,228.97,602.3033,193.63
2024-12-13,248.13,447.27,189.82,227.46,602.1837,191.38
2024-12-16,251.04,451.59,196.66,232.93,604.7551,198.16
2024-12-17,253.48,454.46,195.42,231.15,602.2634,197.12
2024-12-18,248.05,437.39,188.4,220.52,584.3138,190.15
2024-12-19,249.79,437.03,188.51,223.29,584.1345,189.7
2024-12-20,254.49,436.6,191.41,224.92,591.15,192.96
2024-12-23,255.27,435.25,194.63,225.06,594.69,195.99
2024-12-24,258.2,439.33,196.11,229.05,601.3,197.57
2024-12-26,259.02,438.11,195.6,227.05,601.34,197.1
2024-12-27,255.59,430.53,192.76,223.75,595.01,194.04
2024-12-30,252.2,424.83,191.24,221.3,588.22,192.69
2024-12-31,250.42,421.5,189.3,219.39,586.08,190.44
2025-01-02,243.85,418.58,189.43,220.22,584.64,190.63
2025-01-03,243.36,423.35,191.79,224.19,591.95,193.13
2025-01-06,245.0,427.85,196.87,227.61,595.36,197.96
2025-01-07,242.21,422.37,195.49,222.11,588.63,196.71
2025-01-08,242.7,424.56,193.95,222.13,589.49,195.39
2025-01-10,236.85,418.95,192.04,218.94,580.49,193.17
2025-01-13,231.3674,414.945,189.72,217.7425,577.84,191.03
2025-01-14,233.28,415.67,189.66,217.76,582.19,191.05
2025-01-15,237.87,426.31,195.55,223.35,592.78,196.98
2025-01-16,228.26,424.58,192.91,220.66,591.64,194.41
2025-01-17,229.7274,428.1715,195.7745,225.94,595.7878,197.3252
2025-01-21,222.3955,427.6425,197.8222,230.71,601.2414,199.4028
2025-01-22,223.5842,445.3071,198.1418,235.01,604.6212,199.8024
2025-01-23,223.4144,445.8161,197.7523,235.42,607.9213,199.3529
2025-01-24,222.5353,443.1714,199.9797,234.85,606.1466,201.6702
2025-01-27,229.6076,433.6904,191.5894,235.42,597.5724,193.5495
2025-01-28,237.9983,446.3051,195.0753,238.15,602.7069,196.8457
2025-01-29,239.0971,441.4448,195.1852,237.07,600.0051,196.9556
2025-01-30,237.3291,414.1596,200.6389,234.64,603.2254,202.3994
2025-01-31,235.7408,414.2294,203.7853,237.68,600.015,205.366
2025-02-03,227.7596,410.0977,200.9985,237.42,595.9772,202.4094
2025-02-04,232.5443,411.5448,206.1426,242.06,599.9752,207.4736
2025-02-05,232.2147,412.463,191.1099,236.17,602.4078,193.08
2025-02-06,232.9639,414.9879,191.3796,238.83,604.5015,193.09
2025-02-07,227.38,408.93,185.1268,229.15,598.9682,186.927
2025-02-10,227.65,411.3951,186.2555,233.14,603.036,187.9858
2025-02-11,232.62,410.6167,185.1068,232.76,603.4946,186.8571
2025-02-12,236.87,408.2215,183.3988,228.93,601.5504,185.219
2025-02-13,241.53,409.7185,185.9259,230.37,607.9013,187.6662
2025-02-14,244.6,407.6127,185.0169,228.68,607.8714,186.6573
2025-02-18,244.47,408.8203,183.5586,226.65,609.656,185.5886
2025-02-19,244.87,413.94,185.0569,226.63,611.0917,186.917
2025-02-20,245.83,416.13,184.3477,222.88,608.5494,186.4276
2025-02-21,245.55,408.21,179.4533,216.58,598.1407,181.3734
2025-02-24,247.1,404.0,179.0438,212.71,595.4189,180.9838
2025-02-25,247.04,397.9,175.2182,212.8,592.4578,177.1682
2025-02-26,240.36,399.73,172.5313,214.35,592.7569,174.5012
2025-02-27,237.3,392.53,168.3062,208.74,583.2953,170.0163
2025-02-28,241.84,396.99,170.0841,212.28,592.398,172.024
2025-03-03,238.03,388.49,166.8179,205.02,582.0192,168.4681
2025-03-04,235.93,388.61,170.7234,203.8,575.1299,172.4136
2025-03-05,235.74,401.02,172.821,208.36,581.3113,174.7909
2025-03-06,235.33,396.89,172.1517,200.7,570.9923,174.0118
2025-03-07,239.07,393.31,173.66,199.25,574.1927,175.55
2025-03-10,227.48,380.16,165.87,194.54,558.8987,167.81
2025-03-11,220.84,380.45,164.04,196.59,554.2527,165.98
2025-03-12,216.98,383.27,167.11,198.89,557.1939,169.0
2025-03-13,209.68,378.77,162.76,193.89,549.7662,164.73
2025-03-14,213.49,388.56,165.49,197.95,561.122,167.62
2025-03-17,214.0,388.7,164.29,195.74,565.449,166.57
2025-03-18,212.69,383.52,160.67,192.82,559.3374,162.67
2025-03-19,215.24,387.82,163.89,195.54,565.4291,166.28
2025-03-20,214.1,386.84,162.8,194.95,563.794,165.05
2025-03-21,218.27,391.26,163.99,196.21,563.98,166.25
2025-03-24,220.73,393.08,167.68,203.26,574.08,169.93
2025-03-25,223.75,395.16,170.56,205.71,575.46,172.79
2025-03-26,221.53,389.97,165.06,201.13,568.59,167.14
2025-03-27,223.85,390.58,162.24,201.36,567.08,164.08
2025-03-28,217.9,378.8,154.33,192.72,555.66,156.06
2025-03-31,222.13,375.39,154.64,190.26,559.39,156.23
2025-04-01,223.19,382.19,157.07,192.17,560.97,158.88
2025-04-02,223.89,382.14,157.04,196.01,564.52,158.86
2025-04-03,203.19,373.11,150.72,178.41,536.7,152.63
2025-04-04,188.38,359.84,145.6,171.0,505.28,147.74
2025-04-07,181.46,357.86,146.75,175.26,504.38,149.24
2025-04-08,172.42,354.56,144.7,170.66,496.48,146.58
2025-04-09,198.85,390.49,158.71,191.1,548.62,161.06
2025-04-10,190.42,381.35,152.82,181.22,524.58,155.37
2025-04-11,198.15,388.45,157.14,184.87,533.94,159.4
2025-04-14,202.52,387.81,159.07,182.12,539.12,161.47
2025-04-15,202.14,385.73,156.31,179.59,537.61,158.68
2025-04-16,194.27,371.61,153.33,174.33,525.66,155.5
2025-04-17,196.98,367.78,151.16,172.61,526.41,153.36
2025-04-21,192.907,358.4619,147.67,167.32,513.88,149.86
2025-04-22,199.4784,366.1478,151.47,173.18,527.25,153.9
2025-04-23,204.3321,373.7039,155.35,180.6,535.42,157.72
2025-04-24,208.0971,386.5903,159.28,186.54,546.69,161.47
2025-04-25,209.0059,391.1319,161.96,188.99,550.64,163.85
2025-04-28,209.8648,390.4432,160.61,187.7,550.85,162.42
2025-04-29,210.9334,393.3179,160.16,187.39,554.32,162.06
2025-04-30,212.2217,394.5357,158.8,184.42,554.54,160.89
2025-05-01,213.0406,424.6205,161.3,190.2,558.47,162.79
2025-05-02,205.0811,434.4824,164.03,189.98,566.76,165.81
2025-05-05,198.6295,435.3707,164.21,186.35,563.51,166.05
2025-05-06,198.25,432.516,163.23,185.01,558.8,165.2
2025-05-07,195.993,432.5559,151.38,188.71,561.15,152.8
2025-05-08,197.2314,437.3671,154.28,192.08,565.06,155.75
2025-05-09,198.27,437.926,152.75,193.06,564.34,154.38
2025-05-12,210.79,448.4367,158.46,208.64,582.99,159.58
2025-05-13,212.93,448.317,159.53,211.37,586.84,160.89
2025-05-14,212.33,452.11,165.37,210.25,587.59,166.81
2025-05-15,211.45,453.13,163.96,205.17,590.46,165.4
2025-05-16,211.26,454.27,166.19,205.59,594.2,167.43
2025-05-19,208.78,458.87,166.54,206.16,594.85,167.87
2025-05-20,206.86,458.17,163.98,204.07,592.85,165.32
2025-05-21,202.09,452.57,168.56,201.12,582.86,170.06
2025-05-22,201.36,454.86,170.87,203.1,583.09,171.98
2025-05-23,195.27,450.18,168.47,200.99,579.11,169.59
2025-05-27,200.21,460.69,172.9,206.02,591.15,173.98
2025-05-28,200.42,457.36,172.36,204.72,587.73,173.38
2025-05-29,199.95,458.68,171.86,205.7,590.05,172.96
2025-05-30,200.85,460.36,171.74,205.01,589.39,172.85
2025-06-02,201.7,461.97,168.8254,206.65,592.71,170.37
2025-06-03,203.27,462.97,165.9788,205.71,596.09,167.71
2025-06-04,202.82,463.87,167.8466,207.23,595.93,169.39
2025-06-05,200.63,467.68,168.0064,207.91,593.05,169.81
2025-06-06,203.92,470.38,173.26,213.57,599.14,174.92
